author,timestamp,likes,content,video_id,public_status
"@filiaptasasikiranaashuri2329,2021-11-12T05:03:22Z,28,""Bagus sekali kak, mohon izin menggunakan videonya untuk keperluan tugasğŸ™ğŸ»"",fiuhu924--M,True"
"@hiyarotulafifah2518,2024-06-04T11:18:13Z,3,""terimakasih IndonesiaBaikID karya yang sangat bermanfaat dan menarik, terus berkarya dan menebar kebermanfaatan ya."",fiuhu924--M,True"
"@henzgaming8982,2020-08-10T05:19:36Z,3,""Mohon izin untuk menayangkan sebagian cuplikan video untuk konten saya, nanti saya akan cantumkan sumber videonya ğŸ™"",fiuhu924--M,True"
"@muhammadaditia6543,2022-01-03T02:20:11Z,3,""Videonya sangat bermanfaat, apalagi di era teknologi yg sekarang memudahkan kita dalam melakukan berbagai hal"",fiuhu924--M,True"
"@ulyaa783,2023-11-24T01:04:12Z,2,""Video yang sangat bermanfaat,ijin menggunakan videonya ya min,terimakasihğŸ™ğŸ»"",fiuhu924--M,True"
@asoyasoy5651,2021-08-18T02:36:50Z,2,Mohon izin untuk menyimpan vidionya buat tugas kakğŸ™,fiuhu924--M,True
@LioraAnggraeny,2024-09-04T05:58:01Z,2,terimakasih karena video anda sudah menjadi beban tugas untuk sayaâ¤,fiuhu924--M,True
@RaniMokodongan,2024-09-04T05:59:52Z,1,terima kasih videonya sangat bermanfaatğŸ™ğŸ»,fiuhu924--M,True
@analisismemberchannel2482,2022-04-16T04:50:05Z,1,Teknologi Informasi ğŸ“³ ğŸ“² ğŸŒ,fiuhu924--M,True
"@darwinkabut3501,2022-01-03T11:17:33Z,1,""Menurut pendapat saya mengenai teknologi di era digital sangat bermanfaat bagi orang"""" era yg sekarang karna dapat mengakses sesuatu dengan mudah dan cepat"",fiuhu924--M,True"
"@hilgustusgaa5585,2023-10-21T04:24:29Z,1,""Menurut pendapat saya teknologi digital mempunyai peranan yang sangat penting karena dengan adanya "
"Internet sebagai bentuk teknologi digital memberikan akses mudah ke berbagai sumber informasi. Termasuk berita, artikel, buku, video, dan banyak lagi. Ini memungkinkan banyak orang untuk terus belajar dan mengakses pengetahuan dari berbagai bidang"",fiuhu924--M,True"
@fadillahyudan2129,2023-11-20T22:20:15Z,1,Mohon izin untuk menjadikan video ini sebagai cuplikan tugas ğŸ™,fiuhu924--M,True
@kalzz-,2024-08-26T02:59:35Z,1,terimakasi vidio nyaa sangat bermanfaat sekaliğŸ™ğŸ™ğŸ™ğŸ™,fiuhu924--M,True
@muhammadardiansyahdwisaput2712,2024-08-24T10:37:40Z,1,Terimakasih saya telah tercerahkan oleh vidio ini,fiuhu924--M,True
@ekarianandikarailfan,2024-05-05T02:32:26Z,1,Videonya keren sekali.,fiuhu924--M,True
@dakwahmuslim46,2024-11-15T01:28:46Z,1,Rasidin,fiuhu924--M,True
@aidalaelani,2022-10-30T08:09:36Z,1,Mohon izin mengambil sebagian video ini untuk keperluan tugas kakğŸ™ akan saya sertakan sumber videonya di deskripsi,fiuhu924--M,True
@jokosusanto8332,2021-12-09T08:34:30Z,0,mohon izin make sebagian videonya untuk tugasğŸ™,fiuhu924--M,True
@ariedianto4091,2021-12-11T09:36:54Z,0,terima kasih videonya .. siip ..,fiuhu924--M,True
@nofrialdi8219,2021-12-06T09:55:36Z,0,terimakasih untuk pembelajarannya..sangat bermanfaat untuk saya..,fiuhu924--M,True
"@lailanuraini3927,2021-12-17T07:50:41Z,0,""Terima kasih atas videonya, sangat bermanfaat ,mohon ijin mengambil materi untuk keperluan tugas ya kakâ¤ï¸"",fiuhu924--M,True"
@natasyawanda3056,2021-12-20T08:21:20Z,0,Mohon izin menggunakan video ini untuk tugas kakğŸ™ğŸ»,fiuhu924--M,True
"@Nurhabibah-ix3gx,2021-12-28T15:00:15Z,0,""Izin save ya kak, untuk media pembelajaranğŸ˜Š"",fiuhu924--M,True"
"@yoanagung4717,2021-12-08T11:33:55Z,0,""terimakasih materi di video kali ini,sangat bermanfaat bagi untuk keperluasan tugas."",fiuhu924--M,True"
@557_zahrotulfadhilah7,2021-12-05T07:48:44Z,0,Kak izin save njih buat tugas seleksi ğŸ™,fiuhu924--M,True
"@azrilfauzi4411,2021-12-02T06:40:43Z,0,""Mohon izin kak, ngesave vidionya untuk tugas pembelajaranğŸ™ğŸ»"",fiuhu924--M,True"
@MuhPadli-dh1br,2022-01-03T11:40:24Z,0,Vidionya sangat bagus kak. Minta izin menduplikat vidionya untuk keperluan tugas kak,fiuhu924--M,True
@AnggunMuthiah,2021-12-01T06:40:30Z,0,Wahhh baguss sekalii ğŸ’•ğŸ’• izin save untuk tugas ya Ka ğŸ™ğŸ¼,fiuhu924--M,True
@zahranur8388,2022-01-09T03:31:48Z,0,Kak. Ijin untuk memakai sebagian videonya ya ğŸ™ğŸ»,fiuhu924--M,True
@rian8198,2021-12-06T14:49:46Z,0,Sangat keren. mohon izin save video buat keperluan tugas kak ğŸ™ğŸ™,fiuhu924--M,True
@tasyasuci1101,2022-01-10T08:49:17Z,0,izin untuk menggunakan sebagian videonya,fiuhu924--M,True
@_YaumaQarnun,2022-01-14T17:17:41Z,0,Pliss tutorial buat video kaya gini gimanaaaaağŸ˜‘,fiuhu924--M,True
@anisarahmawati4421,2025-01-16T05:14:26Z,0,izin menggunakan videonya utk tugas kuliah ya kağŸ˜Š,fiuhu924--M,True
"@bukuaudiovandeiny4274,2022-01-17T14:52:30Z,0,""Izin, penggunaan videonya buat materi edukasi ğŸ™ğŸ™"",fiuhu924--M,True"
"@saf9306,2022-08-19T11:43:54Z,0,""mohon izin untuk digunakan sebagai video tugas ya kak, terima kasih"",fiuhu924--M,True"
@nunukncl3570,2023-05-12T03:03:14Z,0,Artinya oa bang messu,fiuhu924--M,True
@anisamaharani9685,2023-05-03T07:53:36Z,0,Izin save ya kak buat tugas ğŸ™ğŸ»ğŸ™ğŸ»â¤ï¸,fiuhu924--M,True
@rudiansyah-bpschannel6034,2023-02-16T15:03:47Z,0,https://youtu.be/fwMtTmuA4BQ,fiuhu924--M,True
@sitihadisya3426,2023-01-16T10:02:49Z,0,Mantab ğŸ‘,fiuhu924--M,True
@nuratima492,2022-09-29T02:01:03Z,0,Mohon izin share kaka,fiuhu924--M,True
"@ranaidaito8887,2022-09-25T04:19:38Z,0,""bagus kak"
"izin menggunakan foto dari videonya buat tugas ğŸ™"",fiuhu924--M,True"
@perdisambo8717,2022-09-24T09:35:10Z,0,emas digital gak sama dengan emas fiat titik emas digital bercode,fiuhu924--M,True
"@hikmadhani5028,2022-09-24T02:03:47Z,0,""Ijin Min, videonya mantap, ijin share untuk keperluan tugasğŸ™ğŸ»"",fiuhu924--M,True"
@familaagil,2022-09-18T15:07:30Z,0,ngeditnya pake apa yakk aku disuruh bikin tugas kek gini,fiuhu924--M,True
@novaliaraodhatulp.b4382,2022-08-19T02:55:06Z,0,Mohon izin menggunakan video untuk tugas kak ğŸ™ğŸ» terima kasih,fiuhu924--M,True
"@ibtisyanasywa5876,2022-01-19T17:33:47Z,0,""Bagus kak, saya izin menggunakan videonya untuk tugas ya"",fiuhu924--M,True"
@christetitaedelweiss2948,2022-08-08T08:45:30Z,0,Mohon izin pakai video kak ğŸ™,fiuhu924--M,True
@christetitaedelweiss2948,2022-08-08T08:45:23Z,0,Mohon izin pakai video kak ğŸ™,fiuhu924--M,True
"@mauliddwiyansyah4595,2022-08-08T07:00:14Z,0,""bagus,,izin menggukan video untuk keperluan pembelajaran ya,,"",fiuhu924--M,True"
@annisaa1401,2022-05-13T03:48:05Z,0,Terimakasih atas videonya ğŸ‘ğŸ»,fiuhu924--M,True
@noerhibbatulmaula1443,2022-05-11T09:24:14Z,0,Mohon ijin mengambil videonya kakğŸ™,fiuhu924--M,True
@lolayacinta4941,2022-04-17T14:54:45Z,0,Izin save ya kak buat tugas. Terima kasih,fiuhu924--M,True
@tasyajo8764,2021-11-25T12:15:12Z,0,Izin kak untuk lengkapi tugas,fiuhu924--M,True
@bekicotadventure5642,2022-04-10T01:30:30Z,0,Mohon izin mggunakan video utk kperluan tugas,fiuhu924--M,True
@yeyensormin1011,2022-04-07T07:56:06Z,0,Izin Bapak/Ibu untuk menggunakan video nya dalam melengkapi tugasğŸ˜ŠğŸ™,fiuhu924--M,True
"@ismalialia110,2021-11-30T04:55:25Z,0,""Vidionya bagus,  Izin menyimpan untuk melengkapi tugas"",fiuhu924--M,True"
@morindamarsilea,2021-09-25T05:05:11Z,0,izin simpan kak untuk tugasğŸ™,fiuhu924--M,True
@adepartinifany2817,2021-11-20T00:42:36Z,0,Izin download ka untuk melengkapi tugas,fiuhu924--M,True
@babytwins_KhalidAli,2021-01-01T13:40:49Z,0,izin remake kk,fiuhu924--M,True
@wiedgunawan4344,2021-03-16T19:00:16Z,0,Mantap untuk edukasi ..ijin shareğŸ™ğŸ‘,fiuhu924--M,True
@wiput1734,2021-03-12T12:20:13Z,0,izin pake videonya min,fiuhu924--M,True
@riskynuruss3917,2021-02-26T14:23:29Z,0,izin make videonya buat melengkapi tugas kakğŸ™ğŸ¼,fiuhu924--M,True
@putrypuput6423,2021-02-22T14:01:36Z,0,Mohon izin untuk mnggunkn video kakak di tugas sayağŸ™ğŸ»,fiuhu924--M,True
"@ridaasukmaa531,2021-02-20T10:36:35Z,0,""Ijin kak, untuk melengkapi tugass yg kurang ğŸ™"",fiuhu924--M,True"
@mozaikputri6211,2021-02-20T04:32:10Z,0,Izin menggunakan video ini untuk tugas miinğŸ™,fiuhu924--M,True
@szrosida,2021-02-06T23:43:39Z,0,Izin pakai backsound nya,fiuhu924--M,True
@fazrielafni4099,2021-01-25T06:26:21Z,0,Ijin menggunakan video untuk tugas minğŸ™ğŸ»,fiuhu924--M,True
@nurullailiyyah7131,2021-01-08T02:43:58Z,0,Ijin menggunakan cuplikan untuk tugasğŸ™ğŸ»,fiuhu924--M,True
@csmessis7133,2020-12-07T10:33:04Z,0,mohon izin kak untuk meggunakan video ini untuk tugas,fiuhu924--M,True
@halijabali644,2021-11-18T17:33:46Z,0,Ijin download videonya kak,fiuhu924--M,True
"@rezqyaauliaazyuraniemuniro1396,2020-11-23T13:40:28Z,0,""Mohon Izin min,untuk menggunakan cuplikan vidionya.Karena ada tugasğŸ™"",fiuhu924--M,True"
@muhammadferioktadistira1342,2020-11-22T12:15:11Z,0,Min mohon izin make sebagian videonya untuk tugasğŸ™,fiuhu924--M,True
@ricoagung2114,2020-11-17T06:07:48Z,0,Bang izin make ya buat tugas nihğŸ™,fiuhu924--M,True
"@dhimasap7904,2020-10-16T16:40:53Z,0,""Mohon izin kak untuk menggukan cuplikan video untuk tugas ğŸ™ terima kasihhh banyak kak, semoga sehat selalu"",fiuhu924--M,True"
"@nabilaamanda9598,2020-09-30T06:41:01Z,0,""Kak izin menggunakan video ini untuk tugas, terima kasihğŸ™"",fiuhu924--M,True"
@elleokaa,2020-09-05T11:01:53Z,0,Kak ijin untuk menggunakan cuplikan video ini sebagai tugasğŸ™ğŸ™,fiuhu924--M,True
@sanggamsimanjuntak8843,2020-08-31T00:46:43Z,0,Mohon izin untuk menggukan cuplikan video untuk tugas ğŸ™ terima kasihhh ğŸ™,fiuhu924--M,True
"@noererna9770,2020-08-30T10:20:30Z,0,""keren, ijin menggunakan videonya ya untuk pembelajaran di kelas."",fiuhu924--M,True"
@monikboh3089,2020-08-04T17:03:06Z,0,Min mohon ijin utk menggunakan video agar tlebih menarik bagi tugas sy ya. Salam sukses,fiuhu924--M,True
"@qonshadiv,2021-03-18T13:36:25Z,0,""mohon izin untuk menggunakan videonya untuk tugas, terima kasih"",fiuhu924--M,True"
@momogi1227,2021-04-02T12:32:41Z,0,Izin menggunakan videonya min ğŸ™ğŸ™,fiuhu924--M,True
"@aisyahawd,2021-04-05T07:22:32Z,0,""Mohon izin min menggunakan sebagian dari video nya untuk tugas, terimakasihğŸ™ğŸ»"",fiuhu924--M,True"
@nissaaulia8922,2021-04-07T08:27:44Z,0,Izin ya untuk memakai video ini,fiuhu924--M,True
@sittinurhidayat4017,2021-11-08T03:18:50Z,0,Kak mohon ijin untuk ambil vidionyağŸ™ğŸ™,fiuhu924--M,True
"@nanangdwisaputra243,2021-11-03T03:01:29Z,0,""Baguss kak, mohon ijin menggunakan video untuk melengkapi tugas saya kak"",fiuhu924--M,True"
@fauzan8861,2023-06-07T15:32:30Z,0,izin save untuk tugas kakğŸ™,fiuhu924--M,True
"@43_sandraaustin25,2021-09-09T17:56:31Z,0,""Hello kak, izin menggunakan vidio tsb untuk cuplikan vidio lomba apakah boleh ya?"",fiuhu924--M,True"
"@meyshajiku9981,2021-09-01T14:56:57Z,0,""mohon izin menggunakan video untuk melengkapi tugas kak, terima kasihğŸ™ğŸ»"",fiuhu924--M,True"
@silminabilah5100,2021-08-28T12:31:57Z,0,Izin share kak,fiuhu924--M,True
@mariapransiskanababan3525,2021-08-25T12:33:44Z,0,Berapa menit ini ka,fiuhu924--M,True
@donnadennaly3663,2021-08-21T06:42:27Z,0,Kak ijin untuk memakai videonya yaa.. terimakasih ğŸ™,fiuhu924--M,True
"@ruliknirmawan5916,2021-08-05T00:09:52Z,0,""Bismillah, Izin download Kak,, untuk pembelajaran,, Insya Allah Bermanfaat.. :)"",fiuhu924--M,True"
"@ahmadrejeki2585,2021-07-30T07:27:47Z,0,""Mohon izin menyimpan videonya untuk kebutuhan tugas saya, terimakasih ğŸ™"",fiuhu924--M,True"
@willysight304,2021-07-17T04:45:30Z,0,Ijin menggunakan cuplikan videonya untuk tugas ğŸ™,fiuhu924--M,True
@findriyani6776,2021-07-14T10:38:56Z,0,Ini bikin make apk apa kak,fiuhu924--M,True
"@defilauhti2453,2021-05-29T12:30:35Z,0,""Bagus video nya kak, izin menggunakan untuk melengkapi tugassğŸ™ğŸ™"",fiuhu924--M,True"
"@mirayanti-,2021-05-29T12:27:59Z,0,""sangat bagus kak, mohon ijin menggunakan video untuk melengkapi tugas kak"",fiuhu924--M,True"
@yusufnasrulloh5162,2021-05-24T01:32:13Z,0,pake app apa bikinya bng,fiuhu924--M,True
"@sayajeki3615,2021-04-13T07:46:53Z,0,""Kak kasi tau dong video nya di buat pakai apa, soalnya ada tugas sekolah juga yg sama kayak punya Kakak ini"",fiuhu924--M,True"
"@elqodri,2021-04-12T22:43:37Z,0,""ğŸ‘matap ,ijin penggunaan videonya ya untuk daringğŸ™ğŸ™"",fiuhu924--M,True"
"@InspectHistory,2021-12-03T10:27:23Z,443,""Bener banget pak Jokowi, dalam bidang sejarah tim Inspect History jg membuat pelajaran sejarah semakin digital & juga menyenangkan ğŸ˜‡ğŸ™"

Maju terus Indonesia!
"Karena Sejarah itu Penting!"",UMKY_0kiwYk,True"
"@Java-nese,2021-12-03T12:21:04Z,146,""Dibandingkan negara maju lain yg terdiri dari satu daratan besar...indonesia jauh lebih sulit medannya antar pulau yang jumlahnya ribuan ,antar laut,antar gunung...jadi patut disyukuri kalo indonesia mampu mengejar mereka ğŸ‘Œ"",UMKY_0kiwYk,True"
@emilya.w.s.8455,2021-12-03T10:31:42Z,101,Aku bangga jadi anak INDONESIA!,UMKY_0kiwYk,True
"@watanglipuhadjar2654,2021-12-03T10:42:20Z,92,""smangat sore pak presiden... bapak adalah tokoh yg merevolusi pembangunan di nkri besar2an dan masif. bapak adalah tauladan bagi presiden2 selanjutnya. semua yg sudah bapak bangun bersama tim sudah langsung instan dirasakan manfaat daya gunanya."

"puji syukur kpd Allah swt yg telah menitipkan bapak sebagai pemimpin kami. ğŸ™ğŸ¼"",UMKY_0kiwYk,True"
@INDDEUSGAMING,2021-12-03T10:26:50Z,72,Semoga Pak Presiden Jokowi tetap sehar selalu supaya negara ini bisa maju lebih pesat lagi,UMKY_0kiwYk,True
"@lembarkerjasiswa123,2021-12-03T11:26:30Z,70,""Terimakasih pak, berkat bapak dipulau jemaja terdapat bandara dan tol laut di pusat kabupaten dan semoga seluruh sekolah dipulau jemaja juga merasakan digitalisasi tanpa harus menumpang ujian anbk kesana kemari. Dan kelak kita maju bersama. Amiiin"",UMKY_0kiwYk,True"
@cheeiyzer.,2021-12-03T10:27:02Z,58,Semangat pak mudah mudahan Indonesia makin maju!ğŸ‡®ğŸ‡©ğŸ‘ğŸ»,UMKY_0kiwYk,True
"@nengnaenrico,2021-12-03T13:12:59Z,50,""Semangat terus Pak membangun Indonesia maju!ğŸ‡®ğŸ‡©ğŸ’ªğŸ˜€ "
Sehat2 terus Pak, semoga Allah SWT selalu melindungi Bapak.
"Aamiin"",UMKY_0kiwYk,True"
"@sarlinasiahaan8100,2021-12-03T10:28:18Z,46,""Indonesia maju terus ."
"Sehat dan umur panjang y Bapak Presiden NKRI Jokowi"",UMKY_0kiwYk,True"
"@sarahpoetritazic4348,2021-12-03T10:38:47Z,46,""Masya allah tabarakallah â¤ï¸"
"Sungguh indah INDONESIA ku â¤ï¸ ğŸ‡®ğŸ‡© terima kasih bapak PRESIDENT yang telah memajukan INDONESIA SEMAKIN MAJU."",UMKY_0kiwYk,True"
@mundusosi45,2021-12-03T10:42:16Z,43,Inilah yang terjadi ketika masyarakat biasa menduduki puncak pimpinan. Dialah pemimpin yang sebenarnya. Terima kasih bapak jokowi. Kami mencintaimu,UMKY_0kiwYk,True
"@programotak7062,2021-12-03T10:30:51Z,42,""Semakin tinggi kesadaran akan tehnologi, semakin maju sebuah bangsa. Salam bahagia untuk semua"",UMKY_0kiwYk,True"
"@generasimilenial3142,2021-12-05T10:13:39Z,36,""Terima pak PRESIDEN..atas semua apa yg bapak lakukan untuk bangsa ini..dan terima kasih yg sebesar2nya krna tlah menunjuk LOMBOK  sebagai tempat ajang balap bergengsi seperti moto gp dan wsbk .dll"
"Kami sangat bersyukur telah di berikan pemimpin seperti bpk...smoga bpk dan seluruh jajaran kabinet INDONESIA MAJU sehat dan sllu dlm lindungan allah S.w.t..AAMIIN"",UMKY_0kiwYk,True"
@yunisrisetyatya3167,2021-12-03T11:22:23Z,32,Smoga Bpk Presiden sllu d limpahi kebaikn & kesehatan Dr GUSTI ALLAH...hingga membawa NKRI SMAKIN HEBAT & TDK KALAH DGN NEGARA2 LAIN. SALAM BHINNEKA TUNGGAL IKA. NKRI HARGA MATI....saking rakyat jelata ...maturswn.,UMKY_0kiwYk,True
@DEN_MANTRI,2021-12-03T10:32:53Z,32,Saya bangga punya presiden pak jokowi.,UMKY_0kiwYk,True
"@adigz7179,2021-12-03T10:29:59Z,31,""Semangat terus pak, saya selalu support bapak terus...ğŸ™ğŸ˜Š"",UMKY_0kiwYk,True"
"@modeon9019,2021-12-03T11:15:58Z,30,""Mantap pak Jokowi Indonesia bangga di pimpin anda, semoga sehat dan terus berkarya buat negeri tercinta ini bapak presiden NKRIğŸ’ªğŸ’ªğŸ’ªğŸ‘ğŸ‘ğŸ‘"",UMKY_0kiwYk,True"
"@mulltheblues8720,2021-12-05T03:48:04Z,26,""Sebagai mantan karyawan ETS (ENGINEER TECHNICAL SUPPORT) bagian jaringan telkomsel,. Saya bangga dg kemajuan2 internet kita.. â¤ï¸ğŸ‡®ğŸ‡©ğŸ‡®ğŸ‡©ğŸ‘urrrraaaa"",UMKY_0kiwYk,True"
"@JhoAlsy_Channel,2021-12-03T10:41:46Z,26,""Alhamdulillah, Mantap Pak!!! Terima kasih banyak atas Pengabdian tulus dari Bapak JokowiğŸ‘ğŸ™ğŸ™ğŸ™"",UMKY_0kiwYk,True"
"@GomanSimarmata,2021-12-03T10:30:42Z,25,""Semuanya dapat saling membantu dan saling mendukung ekonomi, Salam Sejahtera dan Salam Sehat... God Bless Bapak Jokowi â¤"",UMKY_0kiwYk,True"
"@titinaliyah172,2021-12-03T10:35:12Z,24,""ya Allah berilah kesehatan kepada bpk joko widodo....biar trs bisa membangun indonesia raya..."
"indonesia makin terdepan"",UMKY_0kiwYk,True"
"@Ukirkayu,2021-12-03T10:42:19Z,23,""Indonesia maju ğŸ‡®ğŸ‡© "
"Bersama bapak presiden #Jokowi semoga sehat selalu bapak"",UMKY_0kiwYk,True"
@aletok4067,2021-12-03T11:04:07Z,23,Kerja pakde jokowi sungguh luar biasa... Semoga pakde jokowi sehat slalu amin ğŸ¤²,UMKY_0kiwYk,True
"@arshavirendra8836,2021-12-03T10:48:12Z,22,""ini yg d namakan keadilan bagi seluruh rakyat indonesia,"


"maju terus nawon pak de,mugi"""" di paringi sehat lan dawi yuswonipun,BPK JOKO WIDODO presiden paling jossss"",UMKY_0kiwYk,True"
@selviaassyraaf9471,2021-12-03T12:20:46Z,17,*Semoga sehat selalu untuk pak Jokowi dalam menjalani tugas dari Allah SWT senantiasa melindungi bapak dan keluarga aamiin yra* â™¥ï¸,UMKY_0kiwYk,True
"@sadirah2m453,2021-12-03T15:26:44Z,17,""Sehat terus ya pak,,,, kami rakyat indonesia selalu mengapresiasi kinerja bapak yng tak pernah berhenti tuk memajukan negeri tercinta kita ini. kami, rakyat negeri ini bangga padamu pak.ğŸ™ğŸ™"",UMKY_0kiwYk,True"
@asiz99,2021-12-03T10:26:15Z,16,negeri ku ğŸ‡²ğŸ‡¨ğŸ‡²ğŸ‡¨ğŸ‡²ğŸ‡¨,UMKY_0kiwYk,True
"@arjaminfoofficial,2021-12-03T10:31:21Z,15,""Mantapp luar biasa pak, bangga dan salut sma presiden yg mempunya ambisi membawa indonesia lepas dari negara kembang dan berganti menjadi negara maju bahkan lebih maju, terima kasih pak jokowi kami mahasiswa luar negeri senang dan bangga akan kemajuan indonesia ğŸ¥°"",UMKY_0kiwYk,True"
"@laros584,2021-12-03T10:37:11Z,14,""Semangat Pak,, BAPAKU Sangat Luar biasa,, SEHAT SELALU PANJANG UMUR amin ğŸ™"",UMKY_0kiwYk,True"
"@mas_baim,2021-12-03T10:28:19Z,14,""alhamdulillah..semangat Bp.jokowi dalam membawa perubahan untuk bangsa memang bisa kita rasakan teruslah membawa Indonesia makin jaya dan makin bangkit Bp.presiden"
"Salam dr rakyat kecilmu Bp."",UMKY_0kiwYk,True"
@INI_Hadesss,2021-12-03T10:28:08Z,14,Sehat sllalu pak jokowiğŸ‘ğŸ‡®ğŸ‡©ğŸ‡®ğŸ‡©ğŸ‡®ğŸ‡©,UMKY_0kiwYk,True
@dafhinaang5481,2021-12-03T10:27:32Z,13,I lOVE INDONESIA â™¥ï¸â™¥ï¸â™¥ï¸,UMKY_0kiwYk,True
@wiboo2392,2021-12-09T04:26:44Z,12,SAYA BANGGA MENJADI WARGA NEGARA INDONESIA ğŸ‡®ğŸ‡©ğŸ‡®ğŸ‡©ğŸ‡®ğŸ‡©ğŸ‡®ğŸ‡©ğŸ‡®ğŸ‡©â¤ï¸â¤ï¸â¤ï¸â¤ï¸âœ¨âœ¨âœ¨,UMKY_0kiwYk,True
@siuhoahambaliroehrig6922,2021-12-04T07:15:07Z,11,PAK PRESIDENT JOKOWI  ADALAH ANUGERAH utk NKR INDONESIA MAJU SEJAHTERA ADILâ¤ï¸ğŸ‡®ğŸ‡©ğŸ™ğŸ¼,UMKY_0kiwYk,True
@ferdipratama5579,2021-12-03T12:58:05Z,10,Semoga dengan ini indonesia semakin maju dan jaya dimasa akan mendatang. Aminn..,UMKY_0kiwYk,True
"@à¦˜à§‹à¦°à¦¾à¦«à§‡à¦°à¦¾.à¦•à¦®,2021-12-03T11:21:02Z,9,""ğŸ‡§ğŸ‡©â¤ï¸ğŸ‡®ğŸ‡©"
"Long live Indonesia â¤ï¸"",UMKY_0kiwYk,True"
@jauharproject6162,2021-12-03T10:27:55Z,9,Semangat terus pak jokowiğŸ™,UMKY_0kiwYk,True
"@izmamarni323,2021-12-03T10:26:43Z,9,""INDONESIA MERDEKA SEMOGA INDONESIA BISA MAKIN MAJU DAN KITA JUGA SEHAT SELALU ğŸ˜€ğŸ˜ğŸ™ AMINN YA ALLAH ğŸ˜ğŸ˜€,SEMANGAT PAK JOKOWI ğŸ˜€ ğŸ‡²ğŸ‡¨ğŸ‡²ğŸ‡¨ğŸ‡²ğŸ‡¨ :)"",UMKY_0kiwYk,True"
@achrohandi4294,2021-12-03T10:28:09Z,9,Waaa emang mantep pak jokowi. ...... memang bapak pembawa perubahan bagi indonesia .. sehat selalu pakğŸ‡®ğŸ‡©ğŸ‡®ğŸ‡©ğŸ¤—,UMKY_0kiwYk,True
"@yunitadhiyani8459,2021-12-03T10:58:34Z,8,""Di tanganmu Pak ' Indonesia bangkit dan bersinar kembali . Semangat dan sehat selalu ya Pak?â¤ï¸ğŸ™"
Idolaku is the best ğŸ‘‡
Nabi MuHAMMAD
Ir. Soekarno
Ir. Jokowidodo
"ğŸ™ğŸ‘"",UMKY_0kiwYk,True"
@ReyAndreano,2021-12-04T00:39:03Z,8,Mantap pakde jokowi!! Sehat selalu pak memajukan NKRI dan berjuang demi rakyat Indonesia!!  ğŸ‡®ğŸ‡©ğŸ‡®ğŸ‡©ğŸ‡®ğŸ‡©,UMKY_0kiwYk,True
@xorm7999,2021-12-03T10:26:31Z,8,Mantap pak semangat terus pak Gbu,UMKY_0kiwYk,True
@maswarservis,2021-12-03T12:08:55Z,7,Semoga Indonesia menjadi lebih baik dengan adanya era digitalisasi.,UMKY_0kiwYk,True
"@yuliarti6738,2021-12-04T01:35:04Z,7,""Pembangunan di negara kita semakin merata.Saya bangga mempunyai president seperti pak Jokowi.Selain itu negara kita jadi lebih dikenal di Dunia international."
"Semangat kerja beliau patut kita contoh ."",UMKY_0kiwYk,True"
@merrykotenchannel5827,2021-12-03T10:38:55Z,7,Berkat melimpah atas bapak jokowi amin,UMKY_0kiwYk,True
"@dendralunggawawijanalto975,2021-12-05T14:09:47Z,6,""Saya bangga jadi warga negara indonesia, dan saya bangga dengan presiden saya pak jokowi ğŸ¤—ğŸ¤—ğŸ¤—ğŸ¤—ğŸ™ğŸ™ğŸ™ğŸ‘ğŸ‘ğŸ‘ğŸ‘ğŸ‘ aku mau pak jokowi terus"",UMKY_0kiwYk,True"
@ridhoferdiansyah7765,2021-12-03T10:26:50Z,6,MantaappğŸ”¥ğŸ‘ğŸ‘,UMKY_0kiwYk,True
"@AndriOktafianChannel,2021-12-03T13:26:11Z,6,""MAJU TERUS INDONESIAKU DEMI MENYONGSONG MASA DEPAN YANG LEBIH BAIK, SALAM DARI PURWOKERTO"",UMKY_0kiwYk,True"
"@cahyo77,2021-12-03T14:32:00Z,5,""1:25 INDONESIA DIGITAL , setuju dengan sangat pak, tapi sayang di desa kami jaringan internet masih sangat loyo dan lemot, di tambah lagi dengan jaringan listrik yang jauh dari kata stabil,  kalau hujan bisa padam 2hari 2malam saat mati lampu sangat mengganggu dan merusak hardware komputer, power supply, Motherboard, dkk ikut rusak dan itu perlu biayaya yang tidak sedikit buat kami yang hanya anak petani, kami sebagai anak desa juga ingin berkembang bersama potensi yang kami miliki, citaÂ² kami sebetulnya sederhana pak hanya ingin memiliki kesetaraan antara desa dan kota melalui DIGITAL dan bisa memberikan kontribusi untuk desa dan daerah kami, saya pribadi sebetulnya miris pak melihat muda mudi lulusan terbaru, harus lari ke ibu kota hanya untuk mendapatkan pekerjaan, padahal alam di sekitar kami sangatlah subur dan ramah, tapi terhambat karena belum adanya infrastruktur yang  memadai.  jaga kesehatan selalu BAPAK salam dari desa, daerah  PURBALINGGA KECAMATAN KARANGMONCOL."",UMKY_0kiwYk,True"
@asepnugraha2461,2021-12-03T10:44:03Z,5,Semoga Indonesia lebih maju dan mudah untuk mencapai kearah itu.,UMKY_0kiwYk,True
"@roroparwoto4404,2021-12-03T11:13:06Z,5,""Alhamdulillah Alhamdulillah Alhamdulillah Ya Allah.."

Terimakasih Pak Jokowi..
"Doa kami, rakyat Indonesia yg mencintaimu, sll mengiringi langkah mulia bpk demi bangsa n negara."",UMKY_0kiwYk,True"
@JokoKliwon8,2021-12-03T11:53:02Z,5,Jaman sdh berubah wktunya yg muda cerdas..The best of the Best P.JokoWiâ¤ğŸ‡®ğŸ‡©ğŸ¤ğŸ™ğŸ½,UMKY_0kiwYk,True
@MANCINGFAN,2021-12-03T10:40:50Z,5,Semoga sehat selalu pak Dhe Jokowi ğŸ™ğŸ»ğŸ™‚,UMKY_0kiwYk,True
"@AlvinChengZhaoMing1075,2021-12-03T10:55:45Z,4,""*_pak tranportasi umum yg menuju tempat2 wisata di bali harus di bangun pak,_*"
_baik itu MRT atau kereta api gitu,biar orang2 berwisata lebih mudah mengakses,_
"*_karena saya dan orang2 lain juga sangat kesulitan untuk menuju di tempat2 wisata di bali,,karena harus menyewa mobil,karena gak ada tranportasi umum di tempat2 wisata bali._*"",UMKY_0kiwYk,True"
"@qlp7213,2021-12-03T11:00:06Z,4,""INDONESIA DIGITALğŸ‡®ğŸ‡©"
"Indonesia maju"",UMKY_0kiwYk,True"
"@mf8598,2021-12-04T13:24:55Z,4,""Semoga pakde terus memerintah Indonesia. Abaikan suara busuk hati dari warga negara saya sendiri. Kadang mereka iri. Dibalik hinaan itu, ada yg dukung/sokong. Jalan terus. Moga jadi gergasi ASEAN."",UMKY_0kiwYk,True"
"@David-hs1ju,2021-12-04T23:49:28Z,4,""Mantapp"

"Sound engineernya semakin membaik, Pak."",UMKY_0kiwYk,True"
@raindrasaputra4154,2021-12-04T14:44:55Z,4,Kami bangga memiliki pemimpin seperti mu. Tetap lah menjadi pemimpin kami sepanjutnya.,UMKY_0kiwYk,True
@guebarzzz,2021-12-03T10:26:50Z,4,Semangat pak,UMKY_0kiwYk,True
@faid0274,2021-12-03T10:26:35Z,4,Tolong jalan desaÂ² di perbaikinğŸ™ğŸ™,UMKY_0kiwYk,True
@yuliayanik464,2021-12-03T10:48:29Z,3,Luar biasa Pak Jokowi..maju terusğŸ‘,UMKY_0kiwYk,True
"@jeongwush,2021-12-03T10:41:17Z,3,""MasyaAllah bagus bangett, btw semangat pak presiden Joko Widodo Ê•Â·á´¥Â·Ê”"",UMKY_0kiwYk,True"
@irwiniwink7590,2021-12-03T10:35:33Z,3,Mantul pak PresidenkuğŸ‘ğŸ¥°ğŸ’ª,UMKY_0kiwYk,True
"@putraprasetya6983,2021-12-04T10:59:12Z,3,""Kadang yang membuat rakyat tidak puas dengan kinerja pak jokowi bukanlah murni apa yang diharapkan pak jokowi dengan rakyat, namun pihak"""" Yang telah diberi tugas masing"""" Oleh pak jokowi lah yang salah mengerti atas apa yang diharapkan pak jokowi dan rakyat, yang membuat banyaknya pihak yang banyak tidak senang/setuju dengan pemerintahan pak jokowi"

"Buat Pak Jokowi tetap semangat selalu optimis Indonesia bisa menuju Indonesia MajuğŸ‡®ğŸ‡©"",UMKY_0kiwYk,True"
@donyaja7058,2021-12-03T10:57:21Z,3,Jangan sampai kemajuan ini terhenti dan malah mundur ke belakang karena rakyat indonesia salah memilih pemimpin penerus beliau yang benar-benar memiliki visi membangun bangsa ini....bukan untuk menguasai dan memanfaatkan sumberdaya untuk hanya kepentingan pribadi dan koleganya. Akan sangat rugi besar bangsa ini...,UMKY_0kiwYk,True
@chelsa2099,2021-12-03T10:28:44Z,3,Optimis Indonesia maju,UMKY_0kiwYk,True
@edarnimakmur,2021-12-05T07:23:15Z,3,Semoga apa yg di cita2kan oleh bapk di mudahkan oleh Allah SWT .Aamiin,UMKY_0kiwYk,True
"@lulurizma6408,2021-12-03T12:03:18Z,3,""Bersyukur ditangan pemimpin hebat ,pemberani ,pekerja keras , Indonesia hebat menuju  Indonesia maju. "
"Presiden Jokowi smoga beliau senantiasa sehat dan senantiasa dlm lindungan Allah SWT. Aamin"",UMKY_0kiwYk,True"
@eiadeath,2021-12-05T04:59:50Z,3,Alhamdulillah Pak Kerjanya Nyata Makasih ya pak Jokowi Indonesia maju,UMKY_0kiwYk,True
@aqlimaputri5387,2021-12-09T14:47:23Z,2,Yakin Indonesia Pasti MajuğŸ‘ğŸ™,UMKY_0kiwYk,True
@farisqimohammadarif7725,2021-12-04T08:06:51Z,2,Semangat terus pakğŸ’ªğŸ»,UMKY_0kiwYk,True
@godoytampan8958,2021-12-05T10:21:23Z,2,Akhirnya Indonesia sudah mulai pulih dari penyakit orde baru ğŸ™,UMKY_0kiwYk,True
@yunimasriyah7344,2021-12-03T10:39:43Z,2,Assalamualaikum warahmatullahi wabarokatuh selamat petang sehat selalu pak Jokowi ğŸ‘ğŸ‘ğŸ™ğŸ˜Š,UMKY_0kiwYk,True
"@radityaguntor5232,2021-12-05T13:14:51Z,2,""Indonesia hebat,,smga slllu sehat pk jokowi"",UMKY_0kiwYk,True"
@ayarahiang,2021-12-05T13:42:46Z,2,Great era Indonesia on fire. Thank you so much Mr presiden Joko Widodo ğŸ™,UMKY_0kiwYk,True
"@PutraOfficialTutorial,2021-12-03T10:42:18Z,2,""Mantap pak,luar biasa"",UMKY_0kiwYk,True"
"@ariyamajidu9776,2021-12-05T14:20:58Z,2,""pak jokowi jalan purwodadi masi banyak berlobang besar"""" bisa membahayakan pengguna jalan"",UMKY_0kiwYk,True"
@albantanycompanybeef530,2021-12-03T10:51:45Z,2,Terimakasih pak jokowi dan segenap jajaran pemerintahan mudah2an kemajuan ini membawa berkah bagi semua...,UMKY_0kiwYk,True
"@Kwonhyuk2344,2021-12-11T15:11:00Z,2,""Mudah mudahan "
Indonesia jadi negara maju amin
"Ya pak presiden JokowiğŸ˜ğŸ¥³"",UMKY_0kiwYk,True"
"@SonaSona-cf9ff,2021-12-03T11:12:35Z,2,""Masa depan baru INDONESIA MAJU"
"Sehat selalu Presiden Joko Widodo."",UMKY_0kiwYk,True"
"@localwisdom2933,2021-12-06T00:49:56Z,2,""Andai periode bisa ditambah, saya senantiasa dukung Bapak. Terima kasih untuk kontribusimu, Pak."",UMKY_0kiwYk,True"
"@tikowsaputra9129,2021-12-03T23:48:25Z,2,""luar biasa pak jokowi, semangat membangun Indonesia ğŸ‡®ğŸ‡©ğŸ‡®ğŸ‡©ğŸ‡®ğŸ‡©ğŸ‡®ğŸ‡©"",UMKY_0kiwYk,True"
"@SS-uc4hx,2021-12-10T11:54:12Z,2,""Memang Hati Pak Jokowi dicurahkan untuk Indonesia Tercinta, Sehat selalu Pak Jokowi. Kita yakin Indonesia akan jadi negara Hebat."",UMKY_0kiwYk,True"
"@indonesiabagus470,2021-12-09T05:31:17Z,2,""Pak,coba dong bangun proyek nano teknologi"",UMKY_0kiwYk,True"
@jokowidodo2172,2021-12-03T10:48:46Z,2,Mantap Pak Jokowi makin sukses pak,UMKY_0kiwYk,True
@much.nouval5798,2021-12-03T10:26:13Z,2,First,UMKY_0kiwYk,True
"@Anggareonaldy,2021-12-08T19:19:24Z,2,""Alhamdulillah terimakasih Pak Jokowi, Kampung Saya sekarang mendapatkan fasilitas dan semoga pak jokowi banyak dikenang masyarakat Indonesia , dan lebih maju"",UMKY_0kiwYk,True"
@sportifnet6653,2021-12-11T15:21:23Z,2,Indonesia sgt mudah menjadi negara maju ğŸ˜ğŸ‘â¤ï¸,UMKY_0kiwYk,True
@azizrizky3510,2021-12-03T10:34:56Z,2,Alhamdulillah,UMKY_0kiwYk,True
@wigisfamilychannel6058,2021-12-03T10:26:45Z,2,Mantap pak de. Pak de crypto legal kan dong,UMKY_0kiwYk,True
@angelomichel233,2021-12-03T10:31:28Z,2,Terimakasih bapak â¤ï¸,UMKY_0kiwYk,True
@aurelcinta1189,2021-12-03T10:26:48Z,2,sipp bgttğŸ’—ğŸ’—,UMKY_0kiwYk,True
@salmon4066,2021-12-03T10:26:39Z,2,semangat paakk,UMKY_0kiwYk,True
@AhnSeongminn,2021-12-03T10:31:30Z,2,Halo pak jokowi,UMKY_0kiwYk,True
"@bedjokrisna8154,2021-12-03T10:31:51Z,2,""Salam dari prambon Nganjuk pak Jokowi , jalan di Nganjuk belum semuanya bagus pak untuk akses Sawah salam dari  petani di Nganjuk"",UMKY_0kiwYk,True"
@InnoAsa,2021-12-03T10:26:28Z,2,Semangat pak presiden,UMKY_0kiwYk,True
@RMG_GROUP2024,2021-12-03T10:26:26Z,2,Top 1 â¤ï¸ğŸ‡®ğŸ‡©,UMKY_0kiwYk,True
@satriadoank23,2021-12-03T10:27:08Z,2,Indonesia maju,UMKY_0kiwYk,True
@gelorabacaofficial6842,2021-12-03T10:28:58Z,2,Terimakasih pak Jokowi,UMKY_0kiwYk,True
@sibadak5269,2021-12-03T10:26:22Z,2,Gercep pak,UMKY_0kiwYk,True
"@araeysiregar0289,2020-12-08T14:43:10Z,3,""Sehat"""" ya ka ivan sama om dedi"",taglTEfRt5Y,True"
@zaynmalk97,2020-12-08T15:27:22Z,2,Rumah saya di Banyuwangi ga ada sinyal buk selain Smartfren ğŸ˜ª masih di daratan Jawa Loh,taglTEfRt5Y,True
@lutfiatitimbang8726,2020-12-08T14:14:10Z,2,Senang lihat 2host nya ajağŸ‘ğŸ˜ƒ,taglTEfRt5Y,True
"@sharifahnurhaizah4555,2020-12-08T15:03:28Z,2,""Hihi acara yg ku nanti2 kan, kerna senang liat om daddy yg super pintar dan jugak kak igun super santun dan kocak . Salam iyaa dari sy warga malaysiaaa â£ï¸â£ï¸ğŸ’—ğŸ’—ğŸ¥°"",taglTEfRt5Y,True"
@youthisvid,2020-12-08T13:30:13Z,1,Barusan liat di tipi udah nongol aje d sini..kereen,taglTEfRt5Y,True
"@SiinSanu,2020-12-08T13:38:59Z,1,""Bermnfat âœ‹,,"",taglTEfRt5Y,True"
@novipurwanti8921,2020-12-08T17:06:21Z,1,Sungguh luar biasa acara ini,taglTEfRt5Y,True
@alfinadeviana139,2021-02-08T14:41:41Z,0,Selalu dah nonton ootd,taglTEfRt5Y,True
"@mawardichannell,2020-12-08T13:49:59Z,0,""Ini kak, Murottal Merdu dan beliau menangis saat bacanya"
ğŸ˜†ğŸ˜†ğŸ‘‡ğŸ‘‡ğŸ‘‡

"https://youtu.be/6oMmdMPPgzo"",taglTEfRt5Y,True"
@Marizarazak,2020-12-08T14:03:27Z,0,Ooh. Skrg segment 4 ttg Kominfo&Bakti ya,taglTEfRt5Y,True
@mrlamido6377,2020-12-08T14:09:47Z,0,Cma mau nanya 5G dri negerama cina atau amerika yg d ambil,taglTEfRt5Y,True
@mustainramli6688,2020-12-08T15:29:41Z,0,Klo vitube itu gimana,taglTEfRt5Y,True
@Aldiscientific,2020-12-10T00:58:59Z,0,Beribadah udah bisa di tempat ibadah BuğŸ™,taglTEfRt5Y,True
@adytiraridhoft1846,2020-12-08T17:33:00Z,0,1000 Start-Up?? Perusahaan rintisan?? Kok malah dimiripin sama Drama Korea Start Up,taglTEfRt5Y,True
@Tamtow,2020-12-08T18:28:02Z,0,Next NIKITA WILLY,taglTEfRt5Y,True
@Harun-ue3th,2020-12-08T21:12:35Z,0,UndAng dimas dong,taglTEfRt5Y,True
"@tiniblitar4641,2020-12-08T23:29:36Z,0,""Kapan yaaa ngundang dodit mulyanto,!!!!"",taglTEfRt5Y,True"
@retyawanto1476,2020-12-08T23:38:26Z,0,Dedy jadi host ngerumpi aja,taglTEfRt5Y,True
"@liscaaryani8526,2020-12-09T04:25:02Z,0,""Laaaah ini ibu ibu yang di vlog andika ussy ,pas lagi makan di pinggir jalan sm suaminya"",taglTEfRt5Y,True"
"@JalanBulan,2020-12-09T10:09:03Z,0,""di Amerika tiap daerah itu ada yg namanya warnet gratis, tidak bayar boleh internetan sepuasnya, semua di biayai negara, tujuannya simpel, untuk mencerdaskan rakyatnya"",taglTEfRt5Y,True"
@ql2065,2020-12-08T13:21:08Z,0,...,taglTEfRt5Y,True
"@kasamago,2023-08-22T11:49:59Z,9,""Di ranah birokrasi saja.. eKTP dll masih dimintain fotokopi, sistem antar institusi ga sinkron.. Ttd elektronik blm merata.."",fneZo5_pox4,True"
"@tannov25,2023-08-23T08:18:33Z,9,""Di kalangan software developer,ketika melihat sebuah corporate pengolahan datanya masih menggunakan ms Excel,di sebutnya masih menggunakan sistem manual ğŸ˜Š"
"Padahal Excel bisa di optimasi  dan di explorasi lbh jauh untuk menjadi sistem informasi."",fneZo5_pox4,True"
@isalutfi,2023-08-22T12:06:38Z,4,Hadir Menyimak Terima kasih pak Indrawan Nugroho sudah menghadirkan Presiden Direktur Microsoft Indonesia. Salam sehat selalu!,fneZo5_pox4,True
"@ridhomardatilah4291,2023-08-23T04:03:14Z,3,""di birokrasi masih banyak ruang untuk transformasi, perpres digital udah dibentuk penggabungan dari ribuan applikasi menjadi superapp. tapi hal ini lebih banyak kehalang ego sektoral. mau ga mau digitalisasi mengarahkan kita kepada singularity"",fneZo5_pox4,True"
@taufiklubis1478,2023-08-22T12:42:44Z,2,Kayaknya jualan produk MS dbanding cerita digital transformasi nya,fneZo5_pox4,True
"@adiwiraalfatah888,2023-08-23T01:27:44Z,2,""Salam kenal untuk Bang Dharma & Pak Indra, I never thought to see you both in one screen ğŸ˜€"
1st one is my senior debater in Formasi, and I already had Pak Indra's book in very long time ago before I'm familiar with Youtube in 2008.
Aligned with the topic, maturity on knowledge & necessity is must come first to explore the software to its full potential.
"Especially when we have passion to integrate the data for complete analysis to understand the phenomenon / development"",fneZo5_pox4,True"
"@slowlock35,2024-05-18T14:47:01Z,2,""Digitasi"
Digitalisasi
Transformasi Digital
"Semua saya pake Microsoft"",fneZo5_pox4,True"
@komentator2185,2023-09-16T17:32:04Z,2,Coba kalo ngomong tu jangan banyak gerak napa  ,fneZo5_pox4,True
"@moh.faridariyanto6619,2023-08-23T04:13:00Z,1,""Ini keresahan yang susah saya formulasikan, terima kasih jadi dapat gambaran peta masalah."",fneZo5_pox4,True"
"@adjieputranugraha4008,2023-08-22T15:36:19Z,1,""Undang dari pihak AWS Indonesia juga dong pak Indrawan, biar kita lihat juga dari pov AWS dalam Tranformasi Digital di Indonesia, karena saat ini mulai banyak perusahaanÂ² yang mulai memigrasi systemnya ke AWS. Terima kasih sebelumnya ğŸ™"",fneZo5_pox4,True"
@derrysantix2614,2023-08-22T13:45:55Z,1,Jejak,fneZo5_pox4,True
@miftahexcel9510,2023-08-22T13:14:29Z,1,SEMOGA YANG MEMBACA KOMENTAR INI CALON JADI ORANG SUKSES â˜ºï¸,fneZo5_pox4,True
@goodvideos.113,2023-08-22T12:22:31Z,1,Ini adalah bagian yang sangat bagus untuk dilihat. 24:27,fneZo5_pox4,True
@pandi99914,2023-08-22T12:19:01Z,1,Pak. Maaf ya pandi baru hadir divideo nya bapak. Semoga bapak sehat selalu amin... Pak pandi mohon do'a dan ridho dari bapak agar apa yg bapak sampaikan divideo pandi bisa ngerti. Pandi mohon doa dari bapak juga mudah-mudahan pandi nggak nanton film pornografi soalnya pandi sudah mulai kecanduan nonton bokep mohon do'anya bapak...,fneZo5_pox4,True
"@lucyfertania6051,2023-08-22T11:58:04Z,1,""aneh sich, kenapa mereka harus berbagi kepada kita?"",fneZo5_pox4,True"
@andhikanoe4547,2023-08-23T02:11:18Z,1,Dok Bahas Rangka motor honda yg kroposğŸ˜‚ğŸ˜‚,fneZo5_pox4,True
@DanielHutabarat,2023-08-25T03:00:09Z,0,Pandawa kabupaten bogor mengunakan microsoft form,fneZo5_pox4,True
@ecapuxq,2023-08-28T03:30:20Z,0,pak ga mau bahas TOGAF pak? speertiny seruuu untuk saya yang menjadi sales di perusahaan jasa,fneZo5_pox4,True
@analogman32,2023-10-01T22:24:36Z,0,Iya pak skrg penggunaan form gratisan untuk kerja di website dan itu harus kerjasama team.,fneZo5_pox4,True
@PipoHargiyanto,2023-08-28T09:44:31Z,0,Insightful Mas Indrawan ğŸ”¥,fneZo5_pox4,True
@GemintangOfficial,2023-09-04T07:38:46Z,0,Contak Person nya di Web Microsoft tidak ada yg bener...Mohon di perhatikan,fneZo5_pox4,True
@ifanutomochanneltv8090,2022-01-22T04:07:02Z,2,Jujur. Ini yang saya tunggu. Ilmu marketing dari Pak Iwan. Tolong marketers dibuat konten seperti ini secara berkala dan terus menerus. Karena ini bermanfaat sekali ğŸ‘ğŸ‘ğŸ‘ğŸ‘,6lY4HBRgTYQ,True
"@rezaarifwibisono1089,2024-12-31T07:54:04Z,1,""Ngomongnya lambat banget, tapi makasi om ğŸ‘"",6lY4HBRgTYQ,True"
"@XangThio,2022-01-24T06:46:53Z,1,""memang tantangan terbesar dalam proses transformasi ini adalah penekanan mengenai nilai investasi awal yang perlu dikeluarkan untuk mengadopsi digital dalam proses konvensional yang sudah terjadi.."
dan sangat setuju, pada akhirnya, semua akan menuju OMNI..
"tidak bisa full digital, karena human touch and sense masih sangat diperlukan untuk memberikan pandangan dan keputusan yang tidak bisa diputuskan via AI saja"",6lY4HBRgTYQ,True"
@Kangindra2,2022-01-26T23:22:19Z,1,Belajar langsung dari expert nya emang beda.. kerasa daging nya..,6lY4HBRgTYQ,True
@sholihulabsor1047,2022-02-03T23:44:27Z,1,Analisisnya kaya ilmu......bukan chicken soup.....keren,6lY4HBRgTYQ,True
@TalkWithDimas,2024-06-07T10:24:29Z,0,kalau pekerjaan telemarketing apakah bisa digantikan oleh digital marketing?,6lY4HBRgTYQ,True
@derbychannel4066,2022-01-20T05:26:59Z,0,kereenn..,6lY4HBRgTYQ,True
@nonilusiasari6570,2022-01-20T08:49:21Z,0,Mas Iwan selalu keren,6lY4HBRgTYQ,True
@istanapengetahuan,2022-01-22T16:23:54Z,0,Perbanyak konten sesi khusus om iwan Setiawan nya min.  Narasi nya sudah bagus.  Jika ingin pesat perkembangan channel ini.  Yaitu sering buat konten narasi seperti ini contoh Chanel nya om DR Indrawan Nugroho.   Yaitu coba sering sering bedah bisnis company besar terutama dalam hal ini mungkin konteks nya sisi strategi Marketing nya.   Jangan lupa sering main kan thumbnail dan judul yang menjual yang membuat orang penasaran,6lY4HBRgTYQ,True
"@jusdiharry,2022-02-23T14:45:43Z,0,""Setuju dengan analisa kalau peranan human di teller hanya sbg perantara untuk transaksi di consumer banking... Tapi bagaimana dengan rural bank? Dimana interaksi & emotional relation dengan human masih sangat diperlukan, seperti kedekatan dengan nasabah. Krn mayoritas nasabah still from rural area..."",6lY4HBRgTYQ,True"
"@edywijayanto724,2022-05-04T01:02:25Z,0,""inspiratif, sangat bermanfaat"",6lY4HBRgTYQ,True"
"@erick270382,2022-07-26T01:05:51Z,0,""Thx for the insight.. btw, datanya dr mana kl penjualan konvensional lebih besar dr e-commerce.. thx ya"",6lY4HBRgTYQ,True"
"@dananjayaidabagusgede5144,2022-10-05T15:34:48Z,0,""pak iwan, saya ada makuliah analisis pelanggan digital, kira kira untuk buku apa ya yang cocok sebagai pedoman ? termakasih"",6lY4HBRgTYQ,True"
@verikurniawan4228,2022-10-16T06:35:52Z,0,Materinya sangat berbobot dan jelas,6lY4HBRgTYQ,True
"@SzetoConsultants,2022-10-17T03:06:16Z,0,""Sangat bermanfaat dan menginspirasi ğŸ‘ Memang sekarang semua hal sudah berubah ke digital termasuk dalam sistem keuangan,  sehingga bisa jadi jauh lebih mudah! Untuk sobat lainnya boleh cek profil kami yaa untuk info seputar masalah laporan keuangan pada bisnis ğŸ˜‰"",6lY4HBRgTYQ,True"
"@tembakaulinkemote,2022-11-01T11:53:59Z,0,""sungguh, ilmunya bernilai mahal. yang lain jualan e-book dan pelatihan, chanel ini mantap...informatif"",6lY4HBRgTYQ,True"
@ayahhafizh,2023-03-08T09:04:15Z,0,Iya mmg keren sharing nya,6lY4HBRgTYQ,True
"@gatotamri7792,2023-04-30T04:57:32Z,0,""Sangat bermanfaat, terimakasih"",6lY4HBRgTYQ,True"
@radityapratama9804,2023-09-20T09:46:28Z,0,Daging banget. Baru nonton,6lY4HBRgTYQ,True
"@ezoteriz,2023-10-23T11:18:06Z,0,""Pak Iwan, yg namanya industri maskapai ya experience-nya dirasakan secara langsung, masa beli tiket pesawat ngga naik pesawatnya, gimana caranya berpindah? Namun untuk akuisisi pelanggannya bisa dilakukan secara online, seperti penjualan tiket. Sama juga seperti industri hospitality, untuk pengalaman menginap atau hanya sekedar tempat untuk berteduh seperti BnB, pengalamannya dirasakan secara langsung, baru untuk penjualan tiket atau booking hotelnya bisa dilakukan melalui online travel agent. Logika dasar seperti ini penting dimiliki dalam memberikan coaching agar tidak misleading dalam mengambil keputusan."",6lY4HBRgTYQ,True"
@SwargaDesain,2024-05-16T10:18:36Z,0,Ntabb,6lY4HBRgTYQ,True
@sigitkurniawan4476,2022-01-20T05:09:20Z,0,Kembali menyimak,6lY4HBRgTYQ,True
"@bundaajeng4022,2025-01-13T12:19:45Z,4,""Komen 1"
*Siap Sumenep hadir*
"NGO AMI"",1BmayjFMKGc,True"
"@Zaky-jp1se,2025-01-13T16:24:57Z,4,""Langkah Presiden Prabowo dalam mendorong transformasi digital dan e-government patut diapresiasi. Ini menunjukkan perhatian terhadap kemajuan teknologi untuk memperbaiki layanan publik. Kami berharap implementasinya benar-benar terasa hingga ke masyarakat, sehingga manfaatnya nyata dan merata."",1BmayjFMKGc,True"
"@RuangAntiKorupsi,2025-01-13T12:29:35Z,4,""Transformasi digital dan e-government telah diterapkan sejak tahun 1998 di Indonesia, korupsi tetap menjadi tantangan besar. Ada beberapa alasan mengapa korupsi tetap merajalela meskipun ada upaya digitalisasi dan modernisasi dalam pemerintahan:"
1. Resistensi Terhadap Perubahan
2. Sistem E-Government yang Belum Terintegrasi Sepenuhnya
3. Kurangnya Pengawasan yang Kuat
4. Pemanfaatan Teknologi yang Tidak Maksimal
5. Mentalitas Korupsi yang Mengakar
"6. Tidak Semua Sistem Diterapkan Secara Transparan"",1BmayjFMKGc,True"
"@mulantaipei,2025-01-13T13:25:46Z,4,""Assalamualaikum wrwb, santun MLM smua y, MANTAP Alhamdulillah ğŸ¤²ğŸ‘ğŸ‘ğŸ’ªğŸ”ğŸ˜ŠTOOP Ibu Meutya Hafid Semangat njiih GERCEP pokoknya bersama Pak Prabowo, Mas Gibran dn segenap jajaran KABINET MERAH PUTIH Y kwuueereen pastinya, Saya Doakn yg terbaik Bismillahirrahmanirrahim ğŸ¤²ğŸ‘ğŸ’ªğŸ‘ğŸ”ğŸ˜Š SMG lancar dlm mnjalankn tugas dan tanggung jawab y, Skses kedepannya dan Sht sll insyaAllah Aamiin ya rabbal 'Alamiin support trbaik Ciiaaayooooo ğŸ’ªğŸ’ªğŸ¤²ğŸ¤²ğŸ‡®ğŸ‡©ğŸ‡®ğŸ‡©ğŸ‘ğŸ‘ğŸ‘ğŸ‘ğŸ’ğŸ’ğŸ”ğŸ”"",1BmayjFMKGc,True"
@akarrumputbantengmerah,2025-01-13T12:19:03Z,3,ğŸ’šğŸ‡®ğŸ‡© ğŸ‘,1BmayjFMKGc,True
"@ivonalise,2025-01-13T12:48:20Z,3,""TerimakasihğŸ’–bravo bangga MenyalağŸ’–ğŸŒˆğŸ‰,TerimakasihğŸ’–bravo bangga MenyalağŸ’–ğŸŒˆğŸ‰,Menkomdigi"",1BmayjFMKGc,True"
"@IraWati-w1d2d,2025-01-13T12:34:24Z,3,""Malam, salam sehat dan semangat selalu buat semuanya ğŸ¤—â¤ï¸ğŸŒˆğŸ’«ğŸŒ»ğŸ‡®ğŸ‡©ğŸ‡®ğŸ‡©ğŸ‡®ğŸ‡©"",1BmayjFMKGc,True"
@tituske_com,2025-01-13T13:44:59Z,3,selalu sehat dan kuat serta hati dipenuhi dengan Damai Sejahtera Bapak Prabowo ğŸ™ğŸ™,1BmayjFMKGc,True
"@R.A.FatimahSundariBA,2025-01-13T12:23:36Z,2,""Bismillaahirrohmaanirrohiim."
SUMENEP HADIR PAK PRESIDEN

"Ibu Ima Husein"",1BmayjFMKGc,True"
"@RiyantoAm,2025-01-13T14:02:06Z,2,""Wartawan yang lambat menanggapi, ataupun yang sering berulang ulang pertanyaan tolong di seleksi lagi dari pihak medya... Kita harus pahami waktu para tokoh, apalagi Presiden dan para menteri... Mereka sibuk, banyak pekerjaan untuk negara ini... Jadi 'waktu' itu sangat lah penting. Jangan bertanya di luar wewenang mereka.. okey maaf sebelumnya  ğŸ™"",1BmayjFMKGc,True"
"@madnessstars,2025-01-13T19:02:21Z,2,""Iklan judol masih banyak di sosmed, terus convert pulsa ke e wallet yg notabene penipu masih marak di google dll. Kasian para korban"",1BmayjFMKGc,True"
@MasAgus_007,2025-01-13T12:17:21Z,1,ğŸ‘ğŸ‘,1BmayjFMKGc,True
"@abdhanzm86,2025-01-14T00:49:50Z,1,""Assalamu'alaikumwrwb Bu Menteri KemKomdigi RI Beserta Jajarannya. Bu Menteri KemKomdigi RI Beserta Jajarannya Tolong Blokir Ratusan Ribu Situs Judol Di Google, Youtube, Yahoo, Chrome, Snack Video & Situs Judol Di Jaringan internet Lainnya Dan Blokir Juga Ratusan Lebih Pinjol2 iLegal Di Google Play Store & Google Chrome Ya Bu. Bu Menteri Beserta Jajarannya Semoga Di Berikan Panjang Umur & Sehat Selalu. Amiiin Yarrobalamiiin. Terima Kasih Atas Perhatiannya. Wassalamualaikumwrwb. "
"ğŸ™ğŸ™ğŸ™ğŸ‘ğŸ‘ğŸ‘ğŸ’ªğŸ’ªğŸ’ªğŸ¤²ğŸ¤²ğŸ¤²"",1BmayjFMKGc,True"
"@malifcandramata198,2025-01-14T04:13:06Z,1,""*KUHP (Tegas dan Mengikat)*"

Sejak reformasi tahun 1998, negara dan bangsa ini kacau balau, rakyat sudah terbiasa dengan narkoba, pornografi, free sex, perzinaan, pencurian, penipuan, perjudian, perampokan, pembegalan, pembunuhan, pemerkosaan, korupsi, suap menyuap dan perbuatan kriminal lainnya.

Negeri ini sudah terlalu banyak masalah dan Bangsa ini sudah rusak.

Untuk menyelamatkan Negara, bangsa dan generasi penerus, maka Negara harus menata dan me-revisi Kitab Undang-Undang Hukum Pidana (KUHP) yang terkait dengan kriminal berat 

Pemerintah bersama DPR harus me-revisi Kitab Undang-Undang Hukum Pidana (KUHP) yang terkait dengan kriminal berat (hanya 5 item masalah), yaitu laksanakan :

1. Hukuman mati bagi para pembuat, pengedar & pemakai narkoba
2. Hukuman potong tangan bagi yang mencuri
3. Hukuman potong tangan dan rampas aset kekayaannya bagi yang korupsi 
4. Hukuman mati bagi para pembunuh
5. Hukuman mati bagi para pemerkosa

KUHP ini harus tegas dan Fixed. Tidak ada lagi istilah hukuman minimal dan maksimal.

Jika KUHP ini sudah fixed, maka para Hakim dengan mudah memutuskan suatu perkara. 

Jika terbukti seorang terdakwa pengedar narkoba, maka Hakim langsung menjatuhkan hukuman mati.

Jika seseorang mencuri atau korupsi senilai 10 gr emas maka hukumannya potong tangan, dan jika kurang dari 10 gr emas maka dicatat sebagai peringatan dan sampai 3x masih mencuri/korupsi maka dilakukan potong tangan.

Dan bagi para pembuat kejahatan dan kekacauan seperti para pembegal dan penganiaya diberi hukuman qisas.

Begitulah kira2 esensi isi KUHP tsb dan inilah solusi terbaik, simple, mudah, efektif, efisien dan adil.

Penjara dan Lapas dibubarkan saja karena tidak ada manfaatnya dan mubazir. 

Jika negara dan pemerintah melakukan langkah-langkah seperti diatas tsb, maka Negeri dan bangsa ini akan selamat, damai, adil dan sejahtera.
â€-------------â€----------------------------

Perhatikan KUHP terkait pencurian yaitu KUHP pasal 362 sd. 365. 

Semua isi pasal dalam KUHP tsb hanya menjelaskan Hukuman Maksimal, tidak ada hukuman minimalnya.

KUHP terkait pencurian dg kekerasan, yaitu KUHP pasal 365 yg isinya sbb : 

(Ayat 1). Dengan hukuman penjara selama-lamanya sembilan tahun, dihukum pencurian yang didahului, disertai atau di ikuti dengan kekerasan terhadap orang,...

(Ayat 2). Hukuman penjara selama-lamanya dua belas tahun, dijatuhkan
1e. jika perbuatan itu dilakukan pada waktu malam...

(Ayat 3). Hukuman penjara selama-lamanya lima belas tahun dijatuhkan jika karena perbuatan itu ada orang mati...

(Ayat 4). Hukuman mati atau hukuman penjara seumur hidup atau penjara sementara selama-lamanya dua puluh tahun...

Apa arti pasal 365 tsb ? 

"Semua ayat pada pasal tsb, hukumannya tertulis dengan kata2 """"selama-lamanya""""."

Itu artinya jika seseorang terbukti mencuri, hukumannya bisa saja hanya dipenjara 5 tahun, 3 bulan atau 1 bulan, dst, dan keputusan tsb mutlak tergantung kepada hakim. Apakah hukuman tsb adil ???

Dalam hukum islam, jika seseorang terbukti mencuri maka hukumannya potong tangan. Seorang hakim di pengadilan hanya membuktikan saja, apakah benar si terdakwa terbukti mencuri ?. Jika terbukti mencuri, maka terdakwa pasti dihukum potong tangan. Pengadilannya simple, tidak bertele-tele, prosesnya cepat dan tidak perlu ada penjara.

Sesungguhnya negeri ini tidak mempunyai KUHP, atau negara ini bisa dikatakan negara liar.

KUHP yg ada saat ini adalah KUHP peninggalan Belanda, dimana tidak ada kepastian hukum, tidak adil, tidak mengikat, ruwet dan bertele-tele. Dari hal tsb dapat disimpulkan bahwa KUHP yang ada saat ini adalah tidak benar.

Terkait hal ini maka KUHP yg terkait kriminal berat perlu di Revisi Total.
--------------------------------------

"Sering kita mendengar istilah """"efek jera"""" dengan menghukum para pembuat kriminal."

Janganlah pernah berharap supaya seseorang menjadi jera setelah dia mendapat hukuman. 

Hukuman diberikan kepada seseorang yang bersalah hanya bertujuan untuk menegakkan keadilan dan membuat ketenteraman masyarakat, serta demi untuk menjalankan perintah Ilahi.

Misalnya seorang pengedar narkoba dijatuhi hukuman mati oleh seorang hakim. Hakim hanya menjalankan tugasnya saja dan Hakim tidak boleh merasa kasihan kepada si terdakwa. Cukup sajalah Tuhan yang memaafkan si terdakwa.

Kemudian setelah hukuman dijatuhkan dan si terdakwa di eksekusi mati, maka kita semua termasuk pemerintah jangan berharap banyak bahwa akan ada efek jera terhadap yg lain.

"Hukuman diberikan bukan mengharapkan efek jera. Kita tidak peduli """"mau jera atau tidak""""."",1BmayjFMKGc,True"
"@malifcandramata198,2025-01-14T04:12:56Z,1,""*Negara Demokrasi*"

Negara Demokrasi itu bukan hanya sekedar rakyatnya bebas bersuara dan bebas mengeluarkan pendapat.

Definisi sesungguhnya Negara demokrasi itu adalah Negara dimana semua penduduknya harus taat dan patuh kepada hukum. Semua orang sama kedudukannya didalam hukum. Siapapun yg bersalah harus dihukum.

"Kalimat yg sering kita dengar tetapi tidak ada maknanya """"Indonesia adalah negara hukum"""". "

Sudah bosan kita melihat hukum dipermainkan, kriminal merajalela, adanya mafia peradilan dan ketidak-adilan yg dipertontonkan para Pejabat Penegak Hukum bejat dan pengecut. 

Pejabat Penegak Hukum itu adalah : Hakim, Jaksa, Polisi dan Pejabat KPK.

Jika Pejabat Penegak Hukum ini mempermainkan dan melanggar hukum berarti dia telah berkhianat pada rakyat dan Negara, maka hukuman yg setimpal dan adil untuk Pejabat bejat tsb adalah hukuman mati.

Negeri ini sudah dikuasai dan dikendalikan oleh manusia2 bejat, tak berakhlak, tak bermoral, pengkhianat, dan pengecut yg suka mempermainkan dan melanggar hukum dan aturan.

Kata Kunci :
Dimana suatu negeri penuh dg kejahatan, maka pusat kejahatan ada didalam tubuh penegak hukum.

KESIMPULAN :
"Untuk menyelamatkan Negeri ini dari kehancuran karena merajalelanya perbuatan kriminal yg dilakukan oleh para Penegak Hukum, maka Sistem dan UU terkait pengaturan Institusi Penegak Hukum ini harus jelas, tegas, benar, tidak berbelit-belit dan tidak bertele2. Para Penegak Hukum ini harus berjalan dijalur yg benar, jika ada yg melanggar hukum harus dihukum mati."",1BmayjFMKGc,True"
@matsuyamakinosuke2214,2025-01-13T16:40:58Z,1,bravo komindigiâ¤ğŸ‰ğŸ˜ŠğŸ‡®ğŸ‡©ğŸ‡®ğŸ‡©ğŸ‡®ğŸ‡©ğŸ”¥ğŸ˜‡,1BmayjFMKGc,True
@amarsaidi6758,2025-01-13T13:57:12Z,1,âœğŸ‘,1BmayjFMKGc,True
"@malifcandramata198,2025-01-14T04:13:56Z,1,""*Pejabat Bejat*"

Persoalan utama negeri ini adalah masalah manusia.

Tantangannya adalah bagaimana caranya supaya manusia2 yg jadi pejabat di Legislatif, Eksekutif dan Yudikatif adalah manusia2 yg berakhlak dan kompeten.

Persoalan bangsa ini adalah persoalan manusia yg tidak berakhlak dan tidak bermoral.

Sejak reformasi tahun 1998, negara dan bangsa ini kacau balau, rakyat sudah terbiasa dengan narkoba, pornografi, free sex, perzinaan, pencurian, penipuan, perjudian, perampokan, pembegalan, pembunuhan, pemerkosaan, korupsi, suap menyuap dan perbuatan kriminal lainnya.

Negeri ini sudah terlalu banyak masalah, bangsa ini sudah rusak, rakyat teraniaya dan terzalimi.

"Negeri ini dikuasai dan dikendalikan oleh para mafia, kartel dan cukong yg bersekongkol dg pejabat2 bejat, tak berakhlak, tak bermoral, pengkhianat, serakah, zalim dan pengecut yg suka mempermainkan hukum & aturan."",1BmayjFMKGc,True"
@MTVRI,2025-01-13T16:29:29Z,1,makasih ib kominfo nya,1BmayjFMKGc,True
"@tianyek,2025-01-13T16:23:27Z,1,""Makan Bergizi Gratis MantappğŸ‘ğŸ‘, tapi dana BOS di Sekolah dihentikan saja Karena diKorupsi oleh Kepala Sekolah dan juga bekerjasama dengan Dinas, Laporan LPJ fiktif Boohoongg, Kepala Sekolah kasih masuk Penjara. KPK harus turun ke Semua Sekolah Agar INDONESIA selamatğŸ™. @Prabowo GibranğŸ˜¢ğŸ™ğŸ™ğŸ˜­"",1BmayjFMKGc,True"
"@malifcandramata198,2025-01-14T04:13:33Z,1,""*Negeri Para Koruptor*"

Kita sudah lelah dan bosan melihat korupsi yang dilakukan bertubi2 oleh para pejabat negeri ini yg bersekongkol dengan para cukong dalam merampok Aset Negara.

Untuk para koruptor, kalian semua betul2 bajingan.

Indonesia tidak akan pernah bisa menjadi negara mandiri, makmur, adil dan sejahtera selama para pejabat dan pemimpinnya masih bermental Pelacur.

Pelacur adalah orang yang menjual dirinya demi uang. Orang yang suka melacurkan diri, tidak akan mempermasalahkan jika dia diperkosa oleh orang lain. 

Alangkah rendahnya pejabat yang bermental demikian, lebih rendah dari WTS dan Lonte.

"Sudah seharusnya para koruptor ini dihukum potong tangan dan aset kekayaannya dirampas Negara dan menjadi milik Negara."",1BmayjFMKGc,True"
"@malifcandramata198,2025-01-14T04:13:45Z,1,""*Indonesia Darurat Narkoba*"

Kata dan kalimat ini sudah sering kita dengar dan kita sudah bosan mendengarnya.

Penyelundupan narkoba ber-ton2 tiap tahun masuk ke Indonesia melalui perairan, seperti yg pernah tertangkap di perairan Riau, Aceh, Kalimantan, Banten, Teluk Jakarta dll.

Penyelundupan sudah merongrong Negara, sudah mengacak-acak kedaulatan Negara. Penyelundupan adalah musuh Negara no 1. Untuk memberantas penyelundupan, Negara harus melibatkan TNI dg kekuatan penuh.

Dan yang lebih parah lagi, sekarang ini banyak pabrik narkoba berada di Indonesia.

Ini artinya para Produsen dan Pengedar Narkoba tidak segan dan tidak takut dengan Peraturan dan UU Narkoba Negara Republik Indonesia.

Negeri ini sangat aneh, padahal BNN dan Direktorat Narkoba Polri sudah mengetahui jaringan peredaran narkoba di Indonesia, sudah mengetahui siapa saja pemainnya, jaringannya bagaimana, arah pergerakannya kemana, siapa pembeli dan penjualnya, tetapi peredaran narkoba tetap tidak bisa dikendalikan malah semakin besar dan liar.

Para Pecandu narkoba sudah menjadi beban bagi Negara. Lembaga Pemasyarakatan (Lapas) dipenuhi oleh pecandu & pengedar narkoba. Negara sudah mengeluarkan daya upaya & energi besar untuk pengobatan dan rehabilitasi pecandu narkoba. Di Negeri ini banyak orang miskin & kelaparan, jauh lebih bermanfaat memberi makan orang miskin dan orang kelaparan daripada merehabilitasi pecandu narkoba.

Negeri ini sudah terlalu banyak masalah, sudah kacau balau, sudah ruwet, masyarakat & bangsa ini sudah rusak, rakyat terbiasa dg perbuatan kriminal dan maksiat.

Para pengedar narkoba ini harus dihukum mati.
------------------------------
Catatan :
"Saya sudah menyampaikan hal tsb, dan anda sebagai pejabat terkait yg bertanggung-jawab terhadap keselamatan rakyat dan bangsa ini, termasuk harus menyelamatkan para generasi penerus."",1BmayjFMKGc,True"
@LinoBiu-vk5xq,2025-01-13T12:25:23Z,1,Larangan anak sekolah main games umur 16 tahun kebawah,1BmayjFMKGc,True
"@Peceieie,2025-01-13T14:22:07Z,0,""Judol bu Menteri, sangat meresahkan."
"Kolom komentar youtube kita di Indonesia sedang diserang spam buzzer judol"",1BmayjFMKGc,True"
@EfreNawa,2025-01-13T13:03:34Z,0,Indonesia majuğŸ˜ğŸ˜ğŸ‘ğŸ‘ğŸ‘ğŸ‘ğŸ™,1BmayjFMKGc,True
"@tri-m2i,2025-01-13T14:18:53Z,0,""Selama Indonesia tidak punya internet mandiri , teknologi it mandiri digitalisasi jebakan asing menguasai Indonesia. Satelit di putus yang buat nya, Indonesia bisa apa???? Hancurlah negara.Indonesia hanyalah kenangan. Indonesia harus punya teknologi IT buatan sendiri."",1BmayjFMKGc,True"
"@Simamaung-dv7dx,2025-01-13T14:17:19Z,0,""Betul sekali,masalahnya di daerah kami masih tertinggal tentang sinyal tv digital  yang belum merata,semoga terlealisasi"",1BmayjFMKGc,True"
"@agungsantosa1866,2025-01-13T12:22:47Z,0,""@hamdihamdiilham8584"
10 jam yang lalu
"Pengabdian saya tinggal 1 tahun lagi tapi Masi di gaji honorer, semoga semua pejabat membuka mata hati agar bisa melihat kami PPPK paruh waktu ini, pensiun kami yg sudah tua mau kerja apa lagi, bantu kami yg sudah tua pak Prabowo"",1BmayjFMKGc,True"
@JurnalPelopor,2025-01-13T12:23:42Z,0,Program bagus juga,1BmayjFMKGc,True
"@tonisuhartono4766,2025-01-13T12:27:25Z,0,""ğŸ‡®ğŸ‡©"
"ğŸ‘ğŸ‘"",1BmayjFMKGc,True"
@lean_sumek,2025-01-13T12:30:23Z,0,SilakanğŸ˜ŠğŸ˜,1BmayjFMKGc,True
@thedragon4700,2025-01-13T12:33:21Z,0,JUDOL GIMANA BU? KOK GAK ADA KELANJUTANNYA SUDAH TUNTASKAH ATAU GIMANA?,1BmayjFMKGc,True
"@Muh.Ridwan-h9u,2025-01-13T12:36:53Z,0,""hukum harus ditegakkan ,semuanya sama di mata hukum jangan jadi pisau bermata dua tajam kebawah tumpul keatas."",1BmayjFMKGc,True"
@ARFANCREATIVE,2025-01-13T13:52:07Z,0,Judol gimana kabarnya?,1BmayjFMKGc,True
@pauluswisnu,2025-01-13T12:43:15Z,0,ğŸ’ğŸ‘¸ğŸ’ğŸ‡²ğŸ‡¨ğŸ’ğŸ‘¸ğŸ’,1BmayjFMKGc,True
@Ujcellpasean,2025-01-13T12:43:44Z,0,Siap....PASEAN PAMEKASAN MADURA HADIR PRESIDEN,1BmayjFMKGc,True
"@RijalulHadi-h9z,2025-01-13T13:36:31Z,0,""Jangan membocorkan rahasia negara,,,,,,walaupun dewan pers itu bebas.......!!!!!!!"",1BmayjFMKGc,True"
@andik33,2025-01-13T12:46:43Z,0,I love you,1BmayjFMKGc,True
@akuofficial46,2025-01-13T13:24:05Z,0,Judol masih merajarela di indonesia bu. Bersihkan sampai akarÂ² nya,1BmayjFMKGc,True
"@bakabachannel,2025-01-13T13:21:41Z,0,""Komdigi masih belum berhasil tumpas judol. situs2 judol masih gampang dibuka, dan iklan2 situs judol masih berseliweran di medsos"",1BmayjFMKGc,True"
@yayanflorist6568,2025-01-13T13:06:32Z,0,ngurusin judol berisin dulu jangan ke yg lain lain,1BmayjFMKGc,True
@æ…±åŸåŸ_168,2025-01-13T12:58:39Z,0,Tolong di blokir iklan judol di YouTube. Sangat meresahkan,1BmayjFMKGc,True
@feriikep9779,2025-01-13T13:02:09Z,0,â¤â¤â¤â¤â¤,1BmayjFMKGc,True
@CinthyadeboranataliaNatalia,2025-01-13T14:20:36Z,0,â¤â¤ğŸ‘,1BmayjFMKGc,True
@ulinbatuah1410,2025-01-20T08:36:04Z,0,https://youtu.be/5yT81Aw_1Jc?si=4IEpgFTEGmAx9RnX,1BmayjFMKGc,True
"@dodisugara-kx7qe,2025-01-13T14:44:29Z,0,""terkait JUDOL gmn,ko sepi"",1BmayjFMKGc,True"
@bj3485,2025-01-14T17:48:21Z,0,fuck shes hot,1BmayjFMKGc,True
"@bejoparjo-E122h,2025-01-19T10:26:02Z,0,""Judol serta penipuan masih marak di dunia digital ayo itu tugas menteri Kominfo, dan berdasarkan isu yang kita terima itu sabotase data digital terkait bantuan sosial terhadap rakyat miskin masih berlangsung sampai saat ini."",1BmayjFMKGc,True"
"@semogabarokah3229,2025-01-17T15:31:51Z,0,""Indonesia perlu kemandirian digital seperti bikin seperti geogle, youtube, tiktok, huwawei, starlink dll jangan ketinggalan"",1BmayjFMKGc,True"
"@Aenadin123,2025-01-17T05:47:50Z,0,""JADI IBU ITU TIDAK HARUS BANYAK IKLAN DRAMA ğŸ™ TAPI SITUS SITUS ğŸ¶ ANJING KELAPARAN ITU BLOKIR,,!! TIDAK ADA TOLERANSI NEGOSIASI UNTUK PARA ANJING ğŸ¶ KELAPARAN ITU,,,!!"",1BmayjFMKGc,True"
"@Aenadin123,2025-01-17T05:46:20Z,0,""SITUS SITUS ğŸ¶ ANJING KELAPARAN MASIH AMAN TERKANDALI,,,!!!"
JADI SAYA MOHON ğŸ™ KOMDIGI ITU TIDAK HARUS BANYAK IKLAN DRAMA,,,!!!
MASYARAKAT TIDAK BUTUH JANJI ğŸ¯ MADU,,,!!
"SUDAH MUAK DENGAN JUDOL YANG MASIH MERAJALELA INI,,,!!!"",1BmayjFMKGc,True"
"@Aenadin123,2025-01-17T05:44:21Z,0,""KALAU SAYA JADI MENTRI KOMDIGI,,,!!! TIDAK AKAN KUBIARKAN JUDOL ITU BERKEMBANG BIAK SAMPAI SEKARANG INI,,,,!!!PARA BANDAR BANDAR ANJING ğŸ¶ KELAPARAN ITU,,, TIDAK ADA NEGOSIASI UNTUK PARA ANJING ğŸ¶ BANDAR ITU,,,!!!"",1BmayjFMKGc,True"
"@Aenadin123,2025-01-17T05:42:53Z,0,""PAK PRABOWO JUJUR TEGAS AMANAH,,,,!!!TAPI PARA ANGGOTA YANG BERSEMBUNYI DIBALIK TOPENG IBLIS ğŸ˜ˆ,,, ITU,,, MALAH MELINDUNGI JUDOL ANJING ğŸ¶ INI,,,,!!!"",1BmayjFMKGc,True"
"@Aenadin123,2025-01-17T05:41:39Z,0,""IBU MENTERI JANGAN HANYA BANYAK IKLAN DRAMA KOREA SAJA,,,!!!"
JUDOL MASIH LANCAR DAN AMAN TERKANDALI,,,!!!
SITUS SITUS ğŸ¶ ANJING KELAPARAN MASIH AMAN TERKANDALI,,,!! BANYAK SITUS SITUS ğŸ¶ ANJING INI MAKAN BANYAK KORBAN,,,!!
TAPI IKLAN DRAMA IBU HEBAT,,,???
"MASYARAKAT TIDAK BUTUH JANJI ğŸ¯ MADU,,,!!!"",1BmayjFMKGc,True"
"@Aenadin123,2025-01-17T05:38:49Z,0,""BUAT KOMDIGI,,, SAYA MAU LAPOR,,, MASIH BANYAK SITUS SITUS ğŸ¶ ANJING KELAPARAN ITU AMAN TERKANDALI,,,!!!"",1BmayjFMKGc,True"
@sofapurple7168,2025-01-16T10:56:27Z,0,ğŸ‘— baju kurang bahan ..... ğŸ¿ğŸ˜,1BmayjFMKGc,True
@PurnomoPratam,2025-01-16T09:54:31Z,0,Alhamdulillah syukur Alhamdulillah semoga Alloh SWT karuniai kesehatan dan petunjuknya untuk Ibu Mutia Menkodigi â¤â¤â¤,1BmayjFMKGc,True
@faizmusanna8968,2025-01-16T03:02:58Z,0,Jujur saya pribadi juga saangat setuju & saangat mendukung seluruh program dari KEMKOMDIGI ğŸ™ğŸ™ğŸ‘,1BmayjFMKGc,True
"@achmadsyaddad2149,2025-01-15T22:59:42Z,0,""Jenjang karir yang jelas, dari buzzer jadi pejabat kominfo.. Pajak rakyat memang nikmat"",1BmayjFMKGc,True"
"@YUDAFIQIH,2025-01-15T18:51:07Z,0,""Komdigi cara hapus judolnya gmn ya ?? Ko masih bnyak promosi judol di komentar YouTube, Facebook, katanya dah di blokir ?? Ga niat ya bu ??"",1BmayjFMKGc,True"
"@So_Burn,2025-01-15T04:48:38Z,0,""ğŸŠ buaya, ada 10 an berita diterkam buaya diberbagai tempat .... ğŸ˜‚ğŸ¤£"",1BmayjFMKGc,True"
"@hayat-mayat,2025-01-14T16:07:02Z,0,""renedji jga ğŸ—ºï¸COMPlex"
VISIon erA'DABbtips form ,
Quick, kooRIdorg ğŸ‡®ğŸ‡©ğŸ‡®ğŸ‡©aamiin
"suksess from GEN' ERALst!!!"",1BmayjFMKGc,True"
"@ftfat9340,2025-01-13T15:31:07Z,0,""Katanya digital dan komunikasi untuk transparansi, kok jumpa pers ngomong cuma gini aja. ğŸ˜‚"

Bu Menkomdigi, kalau anda benar, jangan takut mengatakan kebenaran! 

"Tenang saja, rakyat yang akan membela anda!!"",1BmayjFMKGc,True"
@arifinzein5987,2025-01-14T15:53:46Z,0,Tolong buk menteri situs judol masih banyak yg ber oprasi,1BmayjFMKGc,True
@anangfirdaus6893,2025-01-14T14:34:21Z,0,Buat aturan bu menteri anak usia 17 tahun kebawah dilarang menggunakan gadget dan sosmed biar mereka concern fokus dgn perkembangan dan pertumbuhan daya serap kecerdasan dan lain-lain yang tidak bisa saya sebutkan ğŸ™ğŸ™ğŸ™ğŸ™ğŸ™,1BmayjFMKGc,True
"@Cerpen_A1,2025-01-14T13:28:24Z,0,""Bismillah Semoga Indonesia Lebih Baik dan Maju"
Berkat Pemimpin dan Pejabat Yang Tulus

Ya Allah Sehatkan dan Sukseskan Visi Misi
"Bapak Prabowo dan Para Pejabat Pendukung ğŸ¤²ğŸ»"",1BmayjFMKGc,True"
"@malifcandramata198,2025-01-14T04:12:22Z,0,""*Reformasi Total Institusi Kepolisian*"

Tidak semua anggota polisi itu bejat dan bajingan. Pernyataan tsb betul sekali, bahwa ada juga anggota polisi itu yg berakhlak, kompeten dan profesional.

Tetapi kita harus jujur dan mengakui bahwa Institusi Kepolisian ini sudah bobrok.

Institusi Kepolisian ini kadang2 sudah menjadi tempat bersarangnya para mafia, para pendukung pembuat maksiat, para pendukung pembuat kriminal.

Pemerintah dan Negara harus membersihkan Institusi Kepolisian dari pengotornya. Copot, pecat, adili dan beri hukuman berat bagi semua oknum personil Polri yg terlibat perbuatan2 yg melanggar hukum seperti perbuatan kriminal, berbuat maksiat, terlibat narkoba, perjudian, pelacuran, korupsi, suap menyuap dlsb.

Institusi Kepolisian ini sudah terlalu banyak masalah, bangsa ini sudah rusak, rakyat teraniaya.

Institusi Kepolisian itu bukan Tentara atau Militer, sehingga tidak boleh ada Sistem Komando di Institusi Kepolisian.

Kata kunci : Dimana suatu negeri penuh dg kejahatan, maka pusat kejahatan ada didalam tubuh penegak hukum.

Untuk menyelesaikan masalah yg ruwet ini, maka Institusi Kepolisian harus di Reformasi Total.

"Reformasi Total Institusi Kepolisian dapat dilakukan yaitu dg perbaikan dan penyempurnaan pada Sistem dan UU terkait pengaturan Institusi Kepolisian harus jelas, tegas, benar, tidak berbelit-belit, tidak bertele2 dan termasuk sistem rekruitmennya harus jujur, adil dan dilarang keras sogok-menyogok. Para Polisi ini harus berjalan dijalur yg benar, jika ada yg melanggar hukum harus dihukum mati."",1BmayjFMKGc,True"
"@malifcandramata198,2025-01-14T04:11:25Z,0,""Sampai kiamat Negeri ini melakukan Reformasi Hukum tetap hasilnya tidak maksimal, karena KUHP nya tidak benar, tidak tegas, berbelit2, bertele2, lentur, banyak pasal karet sebagai shortcut. "

KUHP yg benar itu adalah isi pasal2nya tidak boleh berdamai dg kriminal & pembuat kriminal, jelas, tegas, terukur, tidak lentur, tidak multitafsir dan mudah dipahami.

Untuk memperbaiki Negeri dan Bangsa ini, Kunci utamanya adalah :
1. Perbaiki dan sempurnakan KUHP 
"2. Buat UU yg tegas terkait pengaturan Institusi penegak hukum seperti Jaksa, Hakim, Polisi."",1BmayjFMKGc,True"
"@hajirohana5671,2025-01-14T04:06:42Z,0,""Mantap bu Menteri, tetap semangat, sehat dan sukses selalu."",1BmayjFMKGc,True"
@widisobarna8437,2025-01-14T01:48:59Z,0,green turn red ... ğŸƒğŸƒğŸƒğŸƒğŸƒ,1BmayjFMKGc,True
"@dillaandfeeza,2025-01-14T01:10:33Z,0,""Minta tolong bu mentri yg terhormat beserta jajaran di jaman digital seperti sekarang ini banyak aplikasi dan situs yg merusak generasi muda , kalau di biarkan akan membahayakan. Saya mohon untuk semua situs dan aplikasi perusak generasi muda untuk di blokir"",1BmayjFMKGc,True"
"@Peceieie,2025-01-14T00:16:52Z,0,""Bu menteri spam judol ini tolong dicarikan solusi pembasmiannya, kami cuma bisa support dengan cara mereport akunnya."",1BmayjFMKGc,True"
@arifin5897,2025-01-13T22:30:59Z,0,Pelayanan publikğŸ“±ğŸ“²ğŸˆğŸˆğŸˆğŸˆğŸˆğŸˆğŸŒ·ğŸŒ·ğŸŒ·ğŸŒ·ğŸŒ·ğŸŒ»ğŸŒ»ğŸŒ»ğŸŒ»ğŸŒ»ğŸŒ»ğŸŒ»ğŸŒ¹ğŸŒ¹ğŸŒ¹ğŸŒ¹ğŸ¦ ğŸ¦ ğŸ›ğŸ›,1BmayjFMKGc,True
"@Ediyie_Torus,2025-01-13T17:19:39Z,0,""Stop medsos bocah, blokir michat."",1BmayjFMKGc,True"
@yaaromendrofa1353,2025-01-19T13:47:31Z,0,â¤,1BmayjFMKGc,True
@tianyek,2025-01-13T16:23:07Z,0,p,1BmayjFMKGc,True
@Noeltheng22,2025-01-13T15:35:00Z,0,iklan judol masih banyak berkeliaran,1BmayjFMKGc,True
@FerryFadilah-vd4kk,2025-01-13T16:24:45Z,0,Gmn nee bu Menteri... Mslh Budi Arie blm ada berita Selanjutnya... Kpn???? ğŸ™†â€â™€ï¸ğŸ¤·â€â™€ï¸ğŸ¤¦â€â™€ï¸,1BmayjFMKGc,True
"@dodisubejo9545,2021-08-12T19:59:30Z,4,""Kalau pengen sukses bbm antaran di kasihkan langsung dong,, jangan karyawan di suruh nalangi dulu..."",kpI5ES8VEX8,True"
@widodomaruf,2022-03-19T06:46:14Z,3,Semoga transformasi Pos Indonesia berlangsung lancar,kpI5ES8VEX8,True
"@ghinghin3362,2021-10-03T03:31:47Z,3,""Go move on."
Go publik go revolusi pos Indonesia..
Semangat sukses selalu pak Faizal..
"Saya bangga materi reformasi luar biasa.."",kpI5ES8VEX8,True"
"@naufalirawan7667,2023-02-14T11:03:48Z,2,""gua dulu dukung post,tapi karna pencairan bantuan sembako dan lain di kantor post,otomatis mengambil alih semua agen sembako di indonesia,dengan cara itu sama membunuh ekonomi menengah,kita yakin dengan cara itu kantor post akan ambruk karna memakan banyak rejeki ekonomi agen agen."",kpI5ES8VEX8,True"
"@diankurniawan789,2021-10-07T12:55:04Z,2,""Tunggu 2 tahun lagi, akankah sukses atau hanya bualan-bualan khas pejabat"",kpI5ES8VEX8,True"
@AaaAra-t6j,2023-05-10T02:49:39Z,1,Transformasi hanya menghabiskan uang...kondisi yg mengakibatkan punah,kpI5ES8VEX8,True
@arifwahyudin8271,2021-10-28T14:36:58Z,1,Saya nanti mau ke kantor pos ah mau melamar pekerjaan bosen di rumahğŸ˜,kpI5ES8VEX8,True
"@prepareid4909,2021-10-26T05:20:01Z,1,""Kemaren ke POS Indonesia pusat lapangan banteng, KESIMPULAN : Tidak ada harapan"

pelayanan amburadul 

AC tidak nyala
Counter Tidak Jelas
Calo bertebaran
Gembel minta2
Pegawai cuek
system payment cash keras
Barang di Cari manual
Sistem antrian kagak jelas
Bohong tanggal merah 24jam
sistem hitung manual
bolak balik ga selesai2
Lokasi ATM Jauh banget
Parkir Bayar Cash
simbara Bank BUMN ga ada yg mau kerja sama Pos



"dah lebih baik MATI Saja pak"",kpI5ES8VEX8,True"
@othnielsanggelorang5136,2023-09-22T00:59:01Z,0,Jangan banyak teori dgn bahasaÂ² langit intinya bagaimana posindo Ini tetap eksis Dan dpt menghasilkan profit yg besar Sehingga dirawat buat karyawan maupun para pensiunannya pak....,kpI5ES8VEX8,True
@AaaAra-t6j,2023-05-10T02:53:37Z,0,Apa yg dinaungi pemerintah sulit berkembang...kecuali ganti nama,kpI5ES8VEX8,True
"@Guspri_TepoSeliro,2022-06-24T08:47:17Z,0,""Miris sekrang pos kayaknya dianak tirikan? Dulu saya exs pkwt kurir pos Indonesia kontrak setahun imbas petinggi/atasan yg korupsi, kami  staff kontrak yg dibuang"",kpI5ES8VEX8,True"
"@muhammaddaroji9211,2022-02-20T11:42:56Z,0,""Perusahaan yang terdisrupsi mempublish strateginya, jadinya lebih mudah terbaca oleh kompetitor.  Kompetitor pasti tidak diam. Kalah lagi dong nanti...  kecuali jika sudah berhasil, baru dipublish strateginya."",kpI5ES8VEX8,True"
"@djodiricardosyah6475,2022-02-15T14:36:03Z,0,""Ktr pos indonesia, tlg agent pos, imbal jasa /fee di naikin  terutama utk materai & pos pay"",kpI5ES8VEX8,True"
@pasya26user98,2021-11-30T12:09:57Z,0,Kenapa di Online shop seperti bukalapak tokopedia shopie ga ada jasa kiriman pos apakah pos udah ga mau kolaborasi,kpI5ES8VEX8,True
@uttoretto_,2021-04-27T19:43:02Z,6,SUMPAH.. Harus cepat regenerasi di seluruh BUMN ! kaum old rata-rata gaptek dan tidak peka teknologi !,gGu1XmqhI9o,True
@altranzalla2664,2021-04-27T10:47:53Z,3,Yaelah terlambat sudah,gGu1XmqhI9o,True
@ChanelLuarBiasa,2021-06-25T11:34:32Z,3,Kasihan buat agen2 feenya TDK nutup pengeluaran,gGu1XmqhI9o,True
"@kopipojok9725,2021-06-22T22:48:08Z,2,""Untuk agen pospay mohonlah pembagian fee dari admin di lebihkan ke agen, karna agen pospay yg modal deposit saldo serta modal alat, kertas dan tinta."",gGu1XmqhI9o,True"
@lintontarihoran1840,2021-04-27T14:11:31Z,2,Pelayanan PT POS Medan Lapangan Merdeka sangat buruk Baru saya Alami sampai sekarang tidak selesai masalahnya,gGu1XmqhI9o,True
@ruizsyajudha5994,2021-05-01T06:26:08Z,2,Alah..pos indonesia susah bersaing...sy lbh milih J&T. di sini ada yg perna ngalamin dimintain ongkos/tips dr courirnya pos indonesia? Gk akan pernah pakai pos indonesia kecuali mmg terpaksa..,gGu1XmqhI9o,True
"@agusnugroho6844,2021-06-20T15:32:19Z,2,""Mau pakai jasa wesel di PO Sukorejo jam 07.40 -an, mau nitip uang wesel """"nanti NTP kirim WA ke saya pak"""" jwbnya masih blm buka. "
"Wes....  dg jawaban itu saya pindah ke Alfamart, beres dech. Bye...bye.. pos"",gGu1XmqhI9o,True"
"@steveshio8550,2021-06-25T01:39:23Z,1,""POS ini milik negara, karyawan kerja ngak kerja dapat gaji jadi lebih baik ngak kerja dapat gaji , intinya OMONG KOSONG"",gGu1XmqhI9o,True"
"@dodisubejo9545,2021-04-28T12:55:09Z,1,""Karyawan pos di Jawa tengah hanya di gaji 2 jt,,, INI KARYAWAN TETAP,, MANA NURANIMU PEJABAT POS"",gGu1XmqhI9o,True"
@AsepSutriawan,2021-04-27T10:39:34Z,1,tranformasi digital pos indonesia,gGu1XmqhI9o,True
@zaenalposadmail3335,2021-07-17T23:09:29Z,1,Pos Indonesia  ğŸ‡®ğŸ‡©,gGu1XmqhI9o,True
@walionoriswi9994,2021-12-15T16:21:59Z,0,Gitulah negara. Mematikan produk sendiri dengan dalih globalisasi pasar bebas. Selamat bersaing dengan layanan logistik aceng yang jauh lebih unggul...,gGu1XmqhI9o,True
@jenggomslino936,2021-07-23T04:17:03Z,0,Halah..,gGu1XmqhI9o,True
"@imadeastama4209,2021-09-25T13:07:52Z,0,""Tetap semangat pos Indonesia utk berubah lebih maju dengan jasa kurir lainnnya, dengan usia yang sudah 275 tahun berkiprah di Republik Indonesia, jangan loyo semoga karyawannya tetap menunjukkan semangat dengan segala kompetensi yang ada, Tuhan selalu memberkatiNya."",gGu1XmqhI9o,True"
"@KarangWedatama,2021-04-28T04:11:58Z,0,""Generasi tua usang yang tidak bisa berkembang dengan zaman harus lengser dari pucuk pimpinan, jika tidak akan hancur semua hal yang mereka pegang"",gGu1XmqhI9o,True"
"@sanuriyessy1983,2021-10-02T05:42:01Z,0,""Kenapa pos indonesia di shope dan lazada, padahal BUMN. aneh klw pos masuk di marketpleac. Pos maju dan sukses."",gGu1XmqhI9o,True"
@munajatcinta3522,2021-11-20T18:24:48Z,0,Mantap ibu Ana direktur pos Munajat sangat mendukung..smg pt.pos indonesia semakin Jaya ğŸ™ğŸ™Œ,gGu1XmqhI9o,True
@pasya26user98,2021-11-30T10:53:41Z,0,Bagaimana mau bersaing lambang pos aja ga ada di bukalapak tokopedia shopie pantes sepi,gGu1XmqhI9o,True
@datingseiteonlinecom6855,2021-04-27T10:42:58Z,0,Are you looking for hot dates in your neighbourhood?,gGu1XmqhI9o,True
@saifulmohamad6445,2024-08-09T06:50:07Z,0,Ini tersangka korupsi telkom,gGu1XmqhI9o,True
"@cahyonotribirowo,2024-07-22T15:02:02Z,3,""Terima kasih bapak/ibu/rekan"""" Kementerian PANRB, "

"Transformasi digital pemerintah untuk Indonesia Maju"",8Kb3xfYXkZE,True"
@fianmaulida3837,2024-07-23T04:38:41Z,0,sukses SPBE ğŸ‘ğŸ»ğŸ‘ğŸ»,8Kb3xfYXkZE,True
@perwitasari8914,2024-07-22T15:29:53Z,0,SPBE - sinergi untuk Indonesia maju ğŸ‰,8Kb3xfYXkZE,True
@razijedmangkurachmat833,2024-07-22T22:33:48Z,0,Keren..,8Kb3xfYXkZE,True
@desyarrie5130,2024-07-22T23:31:52Z,0,Trus maju digitalisasi Indonesia,8Kb3xfYXkZE,True
@almaarif7641,2024-07-23T00:40:18Z,0,Keren,8Kb3xfYXkZE,True
@rdandika,2024-07-23T00:42:44Z,0,Maju terus. semoga selalu diberikan kekuatan..,8Kb3xfYXkZE,True
@ekoaka,2024-07-23T03:39:30Z,0,Mantap ğŸ‘ğŸ¼ğŸ‘ğŸ¼ Pemerintah memang harus menjadi pionir dalam perkembangan digital untuk pelayanan publik. Semoga semakin sukses,8Kb3xfYXkZE,True
@wisnuhariadi9665,2024-07-23T03:50:24Z,0,Sukses selalu,8Kb3xfYXkZE,True
@MultiYusma,2024-07-23T03:55:05Z,0,terus tingkatkan pelayanan publik untuk rakyat indonesia,8Kb3xfYXkZE,True
@arman_kurniawan,2024-07-23T04:08:59Z,0,Langkah berkelanjutan menuju Indonesia terintegrasi ğŸ‘,8Kb3xfYXkZE,True
@kalebsihombing8625,2024-07-23T04:18:51Z,0,#IndonesiaTerintegrasi,8Kb3xfYXkZE,True
@satriowibowo_youtube,2024-07-23T04:30:17Z,0,sophisticated!,8Kb3xfYXkZE,True
@sekprov.sulseldinaskominfo8088,2024-07-23T04:35:58Z,0,Sukses SPBE,8Kb3xfYXkZE,True
@irwannm1205,2024-07-23T04:36:33Z,0,Mudah2an Indonesia menjaddi lebih baik,8Kb3xfYXkZE,True
@stevimsiren3930,2024-07-23T04:36:43Z,0,Mantap okee,8Kb3xfYXkZE,True
"@SewaKontrak,2024-09-03T23:41:48Z,0,""Halaaahhh GovTech omong kosong gede doang juga ini, kebiasaan pemerintah, terbukti ngg jadi2, ini sama saja dengan rencana MLFF di tol dg aplikasi Cantas, udah lenyap aja sekarang padahal sebelumnya koar2 gede banget, riuh pula..... sekarang raib !!! Tertipu kau......."

"Kasihhhaannn NKRI"",8Kb3xfYXkZE,True"
@maibanjar6330,2024-07-24T10:45:42Z,0,ğŸ‰,8Kb3xfYXkZE,True
@rinoardhiannugroho3623,2024-07-23T04:53:11Z,0,mantap deh transformasi digital yang ditunggu tunggu,8Kb3xfYXkZE,True
@helenalaitera1730,2024-07-23T04:59:22Z,0,#IndonesiaTerintegrasi,8Kb3xfYXkZE,True
@tutialawiyah9269,2024-07-23T05:23:55Z,0,semoga cepat tercapai negara Indonesia yg maju,8Kb3xfYXkZE,True
@Arau167,2024-07-23T05:48:45Z,0,Sepakat dengan mengakselerasi transformasi digital dan keterpaduan layanan digital pemerintah sampai dengan daerah... Portal layanan tingkat desa/kelurahan terintegrasi secara nasional... Mantaap,8Kb3xfYXkZE,True
@CAKARLANGITNEWS,2024-07-23T06:31:16Z,0,Sukses selalu â¤,8Kb3xfYXkZE,True
@SatriyoDharmanto,2024-07-23T07:19:22Z,0,Pak Cahyono sangat aktif dan konsisten dalam memberikan dukungan strategy kebijakan SPBE di Berbagai K/L. Sukses selalu pak Yono..,8Kb3xfYXkZE,True
"@sylviamalaihollo7570,2024-07-23T08:13:29Z,0,""Semangat buat kita semua... terus maju meningkatkan pelayananan pemerintah melalui penyelanggaraan SPBE dalam digital transformasi, guna mewujudkan Indonesia Maju 2045"",8Kb3xfYXkZE,True"
@danu_widiana5124,2024-07-23T09:28:59Z,0,Transformasi digital mantap,8Kb3xfYXkZE,True
@sutiyanahsofiyani2368,2024-07-23T23:54:27Z,0,Mantap,8Kb3xfYXkZE,True
@ariarumansyahari5886,2024-07-24T00:13:51Z,0,Semangat kolaborasi SPBE,8Kb3xfYXkZE,True
@nandopanda_ts,2024-07-24T02:51:49Z,0,bismillah,8Kb3xfYXkZE,True
@dodiirawan2123,2024-07-24T04:09:32Z,0,Langkah yang luar biasa dari KemenPAN-RB utk memajukan dan mengakselarasi transformasi digital di Indonesia. Good job KemenPAN-RB dan Tim Koordinator SPBE Nasional.,8Kb3xfYXkZE,True
@P.A.G89,2024-07-24T05:01:07Z,0,Gak adil....satpam cs supir yang mengabdi lama gak masuk kategori.....yang baru masuk malah masuk.....ini namanya adil?,8Kb3xfYXkZE,True
@muthianurrachmayanti5626,2024-07-24T06:30:45Z,0,sinergi untuk indonesia majuğŸ™ŒğŸ»ğŸš€,8Kb3xfYXkZE,True
"@Kesanin,2024-07-23T04:39:01Z,0,""Transformasi digital nasional melalui INA digital dapat mewujudkan pelayanan publik yang efektif, dan efisien serta mudah diakses oleh masyarakat dalam satu akun"",8Kb3xfYXkZE,True"
@konservatif,2021-05-05T15:25:02Z,4,Semoga POS bisa maju lagi dan menjadi juara lagi di jasa exspedisi di Indonesia,Qntde_12uIM,True
"@goatbrain5548,2021-05-05T17:18:40Z,3,""Waktunya kantor pos, gulung tikar. Kantor pos terlalu sangat terlambat mengikuti pesaingnya"",Qntde_12uIM,True"
@masmmaw,2021-05-05T15:52:14Z,2,Semoga dengan transformasi ini paket gw yg dari luar negeri ga ilang lagi,Qntde_12uIM,True
@tonymann502,2021-05-05T15:37:25Z,1,Insya Allah .... amienn,Qntde_12uIM,True
"@yudhin6455,2021-05-05T16:50:30Z,1,""Terimakasih POSPAY, Solusi Cerdas Transaksi Keuangan Kami .."",Qntde_12uIM,True"
"@raihanhanTek,2021-05-05T17:13:58Z,1,""Saya melihat kekurangan POS INDONESIA itu kurangnya kerja sama dengan E COMMERCE seperti Shopee dan Tokopedia, jarang sekali seller yang menggunakan Ekspedisi POS INDONESIA. Entah kenapa, mungkin kecepatan dan kurangnya kantor kantor pos Indonesia"",Qntde_12uIM,True"
"@semanugrah4291,2021-05-05T17:56:59Z,1,""Agak trlambat sih..udh lama ane beli pulsa ,bayar bpjs ,bayar token listrik udh lwt e commerce ğŸ˜‚"",Qntde_12uIM,True"
"@uciuci6462,2021-05-10T02:03:18Z,1,""Tolong para bapak """" pejabat jangan dihapuskan uang ketupat nya kasian kita ini yg pensiun sangat dibutuhkan"",Qntde_12uIM,True"
@AldhiAlbadri,2021-05-06T13:34:26Z,0,Kenapa baru sekarang sih,Qntde_12uIM,True
@abcdetv940,2021-05-05T23:55:28Z,0,Harganya lebih murah apa ngga,Qntde_12uIM,True
@abcdetv940,2021-05-05T23:54:05Z,0,Pos bisa ekspor fix ancaman ğŸ˜€,Qntde_12uIM,True
@yunsirno9275,2021-12-03T13:16:04Z,0,O2:16 pos property?,Qntde_12uIM,True
@uciuci6462,2021-05-10T02:00:34Z,0,Saya sebagai istri pensiunan pt pos indonesia dimana kehidupan kita sangat susah semenjak corona kenapa dihapuskan lagi uang ketupat padahal kita sangat butuhkan apa lagi mau menjelang lebaran,Qntde_12uIM,True
"@Rahman_Artms,2021-05-05T17:18:22Z,0,""Nah, akhirnya ada versi digitalnya, mantap"",Qntde_12uIM,True"
@raihanhanTek,2021-05-05T17:11:43Z,0,Saya lihat aplikasi nya banyak yang review bintang 1 ya?,Qntde_12uIM,True
@pakposchannel6004,2021-05-15T06:08:44Z,0,Maju terus pos indonesia,Qntde_12uIM,True
@nengesih9035,2021-05-05T16:10:12Z,0,Yg di taiwan ikut nyimak,Qntde_12uIM,True
@agusrubini7031,2021-06-06T14:55:44Z,0,Contoh lemahnya digitalnya jarang sekali bahkan nyaris tidak ada kerja sama dengan e comerce yang memperioritaskan tampilan untuk ekpedisi pos indonesia,Qntde_12uIM,True
"@akhmadiskandar9592,2021-08-15T10:14:45Z,0,""Mudahan PT POS berhasil melalui perubahan zaman, manfaatkan segala kelebihan yg dimiliki PT POS Indonesia, masih banyak warga kita di desa-desa yg membutuhkan Pos Indonesia."",Qntde_12uIM,True"
"@bahrulbahrul7150,2022-03-28T19:46:00Z,0,""Kasian adekÂ² study tour dari sekolah TK sekitar pekalongan, sekarang ngga bisa lihat yg namanya Bis Surat dikantorpos pusat pekalongan. Karena ditahun ini hilang dicopot entah kemana, padahal itu termasuk barang langka dan sejarah :')"",Qntde_12uIM,True"
